{"__meta":{"schema_version":3,"schema_name":"DRFModelV3","schema_type":"DRFModel"},"model_id":{"__meta":{"schema_version":3,"schema_name":"ModelKeyV3","schema_type":"Key<Model>"},"name":"Grid_DRF_all.dataset_model_R_1525228668756_4_model_0","type":"Key<Model>","URL":"/3/Models/Grid_DRF_all.dataset_model_R_1525228668756_4_model_0"},"algo":"drf","algo_full_name":"Distributed Random Forest","response_column_name":"Tg_brooder","data_frame":{"__meta":{"schema_version":3,"schema_name":"FrameKeyV3","schema_type":"Key<Frame>"},"name":"all.dataset","type":"Key<Frame>","URL":"/3/Frames/all.dataset"},"timestamp":0,"have_pojo":true,"have_mojo":true,"algo":"drf","algo_full_name":"Distributed Random Forest","model_id":{"__meta":{"schema_version":3,"schema_name":"ModelKeyV3","schema_type":"Key<Model>"},"name":"Grid_DRF_all.dataset_model_R_1525228668756_4_model_0","type":"Key<Model>","URL":"/3/Models/Grid_DRF_all.dataset_model_R_1525228668756_4_model_0"},"parameters":[{"__meta":{"schema_version":3,"schema_name":"ModelParameterSchemaV3","schema_type":"Iced"},"name":"model_id","label":"model_id","help":"Destination id for this model; auto-generated if not specified.","required":false,"type":"Key<Model>","default_value":null,"actual_value":{"__meta":{"schema_version":3,"schema_name":"ModelKeyV3","schema_type":"Key<Model>"},"name":"Grid_DRF_all.dataset_model_R_1525228668756_4_model_0","type":"Key<Model>","URL":"/3/Models/Grid_DRF_all.dataset_model_R_1525228668756_4_model_0"},"level":"critical","values":[],"is_member_of_frames":[],"is_mutually_exclusive_with":[],"gridable":false},{"__meta":{"schema_version":3,"schema_name":"ModelParameterSchemaV3","schema_type":"Iced"},"name":"training_frame","label":"training_frame","help":"Id of the training data frame.","required":false,"type":"Key<Frame>","default_value":null,"actual_value":{"__meta":{"schema_version":3,"schema_name":"FrameKeyV3","schema_type":"Key<Frame>"},"name":"all.dataset","type":"Key<Frame>","URL":"/3/Frames/all.dataset"},"level":"critical","values":[],"is_member_of_frames":[],"is_mutually_exclusive_with":[],"gridable":false},{"__meta":{"schema_version":3,"schema_name":"ModelParameterSchemaV3","schema_type":"Iced"},"name":"validation_frame","label":"validation_frame","help":"Id of the validation data frame.","required":false,"type":"Key<Frame>","default_value":null,"actual_value":null,"level":"critical","values":[],"is_member_of_frames":[],"is_mutually_exclusive_with":[],"gridable":true},{"__meta":{"schema_version":3,"schema_name":"ModelParameterSchemaV3","schema_type":"Iced"},"name":"nfolds","label":"nfolds","help":"Number of folds for K-fold cross-validation (0 to disable or >= 2).","required":false,"type":"int","default_value":0,"actual_value":5,"level":"critical","values":[],"is_member_of_frames":[],"is_mutually_exclusive_with":[],"gridable":false},{"__meta":{"schema_version":3,"schema_name":"ModelParameterSchemaV3","schema_type":"Iced"},"name":"keep_cross_validation_predictions","label":"keep_cross_validation_predictions","help":"Whether to keep the predictions of the cross-validation models.","required":false,"type":"boolean","default_value":false,"actual_value":true,"level":"expert","values":[],"is_member_of_frames":[],"is_mutually_exclusive_with":[],"gridable":false},{"__meta":{"schema_version":3,"schema_name":"ModelParameterSchemaV3","schema_type":"Iced"},"name":"keep_cross_validation_fold_assignment","label":"keep_cross_validation_fold_assignment","help":"Whether to keep the cross-validation fold assignment.","required":false,"type":"boolean","default_value":false,"actual_value":false,"level":"expert","values":[],"is_member_of_frames":[],"is_mutually_exclusive_with":[],"gridable":false},{"__meta":{"schema_version":3,"schema_name":"ModelParameterSchemaV3","schema_type":"Iced"},"name":"score_each_iteration","label":"score_each_iteration","help":"Whether to score during each iteration of model training.","required":false,"type":"boolean","default_value":false,"actual_value":false,"level":"secondary","values":[],"is_member_of_frames":[],"is_mutually_exclusive_with":[],"gridable":false},{"__meta":{"schema_version":3,"schema_name":"ModelParameterSchemaV3","schema_type":"Iced"},"name":"score_tree_interval","label":"score_tree_interval","help":"Score the model after every so many trees. Disabled if set to 0.","required":false,"type":"int","default_value":0,"actual_value":0,"level":"secondary","values":[],"is_member_of_frames":[],"is_mutually_exclusive_with":[],"gridable":false},{"__meta":{"schema_version":3,"schema_name":"ModelParameterSchemaV3","schema_type":"Iced"},"name":"fold_assignment","label":"fold_assignment","help":"Cross-validation fold assignment scheme, if fold_column is not specified. The 'Stratified' option will stratify the folds based on the response variable, for classification problems.","required":false,"type":"enum","default_value":"AUTO","actual_value":"Modulo","level":"secondary","values":["AUTO","Random","Modulo","Stratified"],"is_member_of_frames":[],"is_mutually_exclusive_with":[],"gridable":true},{"__meta":{"schema_version":3,"schema_name":"ModelParameterSchemaV3","schema_type":"Iced"},"name":"fold_column","label":"fold_column","help":"Column with cross-validation fold index assignment per observation.","required":false,"type":"VecSpecifier","default_value":null,"actual_value":null,"level":"secondary","values":[],"is_member_of_frames":["training_frame"],"is_mutually_exclusive_with":["response_column","weights_column","ignored_columns","offset_column"],"gridable":true},{"__meta":{"schema_version":3,"schema_name":"ModelParameterSchemaV3","schema_type":"Iced"},"name":"response_column","label":"response_column","help":"Response variable column.","required":false,"type":"VecSpecifier","default_value":null,"actual_value":{"__meta":{"schema_version":3,"schema_name":"ColSpecifierV3","schema_type":"VecSpecifier"},"column_name":"Tg_brooder","is_member_of_frames":null},"level":"critical","values":[],"is_member_of_frames":["training_frame","validation_frame"],"is_mutually_exclusive_with":["weights_column","ignored_columns","offset_column","fold_column"],"gridable":true},{"__meta":{"schema_version":3,"schema_name":"ModelParameterSchemaV3","schema_type":"Iced"},"name":"ignored_columns","label":"ignored_columns","help":"Names of columns to ignore for training.","required":false,"type":"string[]","default_value":null,"actual_value":["Day","Time_in_degress","Hour","Brooder","Sequence","Piglet","Tr","Ts","Ta_brooder","RH_brooder","Th_IR","Irradiance"],"level":"critical","values":[],"is_member_of_frames":["training_frame","validation_frame"],"is_mutually_exclusive_with":["response_column","weights_column","offset_column","fold_column"],"gridable":false},{"__meta":{"schema_version":3,"schema_name":"ModelParameterSchemaV3","schema_type":"Iced"},"name":"ignore_const_cols","label":"ignore_const_cols","help":"Ignore constant columns.","required":false,"type":"boolean","default_value":true,"actual_value":true,"level":"critical","values":[],"is_member_of_frames":[],"is_mutually_exclusive_with":[],"gridable":false},{"__meta":{"schema_version":3,"schema_name":"ModelParameterSchemaV3","schema_type":"Iced"},"name":"offset_column","label":"offset_column","help":"Offset column. This will be added to the combination of columns before applying the link function.","required":false,"type":"VecSpecifier","default_value":null,"actual_value":null,"level":"secondary","values":[],"is_member_of_frames":["training_frame","validation_frame"],"is_mutually_exclusive_with":["response_column","weights_column","ignored_columns","fold_column"],"gridable":true},{"__meta":{"schema_version":3,"schema_name":"ModelParameterSchemaV3","schema_type":"Iced"},"name":"weights_column","label":"weights_column","help":"Column with observation weights. Giving some observation a weight of zero is equivalent to excluding it from the dataset; giving an observation a relative weight of 2 is equivalent to repeating that row twice. Negative weights are not allowed. Note: Weights are per-row observation weights and do not increase the size of the data frame. This is typically the number of times a row is repeated, but non-integer values are supported as well. During training, rows with higher weights matter more, due to the larger loss function pre-factor.","required":false,"type":"VecSpecifier","default_value":null,"actual_value":null,"level":"secondary","values":[],"is_member_of_frames":["training_frame","validation_frame"],"is_mutually_exclusive_with":["response_column","ignored_columns","offset_column","fold_column"],"gridable":true},{"__meta":{"schema_version":3,"schema_name":"ModelParameterSchemaV3","schema_type":"Iced"},"name":"balance_classes","label":"balance_classes","help":"Balance training data class counts via over/under-sampling (for imbalanced data).","required":false,"type":"boolean","default_value":false,"actual_value":false,"level":"secondary","values":[],"is_member_of_frames":[],"is_mutually_exclusive_with":[],"gridable":true},{"__meta":{"schema_version":3,"schema_name":"ModelParameterSchemaV3","schema_type":"Iced"},"name":"class_sampling_factors","label":"class_sampling_factors","help":"Desired over/under-sampling ratios per class (in lexicographic order). If not specified, sampling factors will be automatically computed to obtain class balance during training. Requires balance_classes.","required":false,"type":"float[]","default_value":null,"actual_value":null,"level":"expert","values":[],"is_member_of_frames":[],"is_mutually_exclusive_with":[],"gridable":true},{"__meta":{"schema_version":3,"schema_name":"ModelParameterSchemaV3","schema_type":"Iced"},"name":"max_after_balance_size","label":"max_after_balance_size","help":"Maximum relative size of the training data after balancing class counts (can be less than 1.0). Requires balance_classes.","required":false,"type":"float","default_value":5.0,"actual_value":5.0,"level":"expert","values":[],"is_member_of_frames":[],"is_mutually_exclusive_with":[],"gridable":true},{"__meta":{"schema_version":3,"schema_name":"ModelParameterSchemaV3","schema_type":"Iced"},"name":"max_confusion_matrix_size","label":"max_confusion_matrix_size","help":"[Deprecated] Maximum size (# classes) for confusion matrices to be printed in the Logs","required":false,"type":"int","default_value":20,"actual_value":20,"level":"secondary","values":[],"is_member_of_frames":[],"is_mutually_exclusive_with":[],"gridable":false},{"__meta":{"schema_version":3,"schema_name":"ModelParameterSchemaV3","schema_type":"Iced"},"name":"max_hit_ratio_k","label":"max_hit_ratio_k","help":"Max. number (top K) of predictions to use for hit ratio computation (for multi-class only, 0 to disable)","required":false,"type":"int","default_value":0,"actual_value":0,"level":"secondary","values":[],"is_member_of_frames":[],"is_mutually_exclusive_with":[],"gridable":false},{"__meta":{"schema_version":3,"schema_name":"ModelParameterSchemaV3","schema_type":"Iced"},"name":"ntrees","label":"ntrees","help":"Number of trees.","required":false,"type":"int","default_value":50,"actual_value":179,"level":"critical","values":[],"is_member_of_frames":[],"is_mutually_exclusive_with":[],"gridable":true},{"__meta":{"schema_version":3,"schema_name":"ModelParameterSchemaV3","schema_type":"Iced"},"name":"max_depth","label":"max_depth","help":"Maximum tree depth.","required":false,"type":"int","default_value":20,"actual_value":84,"level":"critical","values":[],"is_member_of_frames":[],"is_mutually_exclusive_with":[],"gridable":true},{"__meta":{"schema_version":3,"schema_name":"ModelParameterSchemaV3","schema_type":"Iced"},"name":"min_rows","label":"min_rows","help":"Fewest allowed (weighted) observations in a leaf.","required":false,"type":"double","default_value":1.0,"actual_value":1.0,"level":"critical","values":[],"is_member_of_frames":[],"is_mutually_exclusive_with":[],"gridable":true},{"__meta":{"schema_version":3,"schema_name":"ModelParameterSchemaV3","schema_type":"Iced"},"name":"nbins","label":"nbins","help":"For numerical columns (real/int), build a histogram of (at least) this many bins, then split at the best point","required":false,"type":"int","default_value":20,"actual_value":20,"level":"critical","values":[],"is_member_of_frames":[],"is_mutually_exclusive_with":[],"gridable":true},{"__meta":{"schema_version":3,"schema_name":"ModelParameterSchemaV3","schema_type":"Iced"},"name":"nbins_top_level","label":"nbins_top_level","help":"For numerical columns (real/int), build a histogram of (at most) this many bins at the root level, then decrease by factor of two per level","required":false,"type":"int","default_value":1024,"actual_value":1024,"level":"secondary","values":[],"is_member_of_frames":[],"is_mutually_exclusive_with":[],"gridable":true},{"__meta":{"schema_version":3,"schema_name":"ModelParameterSchemaV3","schema_type":"Iced"},"name":"nbins_cats","label":"nbins_cats","help":"For categorical columns (factors), build a histogram of this many bins, then split at the best point. Higher values can lead to more overfitting.","required":false,"type":"int","default_value":1024,"actual_value":1024,"level":"secondary","values":[],"is_member_of_frames":[],"is_mutually_exclusive_with":[],"gridable":true},{"__meta":{"schema_version":3,"schema_name":"ModelParameterSchemaV3","schema_type":"Iced"},"name":"r2_stopping","label":"r2_stopping","help":"r2_stopping is no longer supported and will be ignored if set - please use stopping_rounds, stopping_metric and stopping_tolerance instead. Previous version of H2O would stop making trees when the R^2 metric equals or exceeds this","required":false,"type":"double","default_value":1.7976931348623157E308,"actual_value":1.7976931348623157E308,"level":"secondary","values":[],"is_member_of_frames":[],"is_mutually_exclusive_with":[],"gridable":true},{"__meta":{"schema_version":3,"schema_name":"ModelParameterSchemaV3","schema_type":"Iced"},"name":"stopping_rounds","label":"stopping_rounds","help":"Early stopping based on convergence of stopping_metric. Stop if simple moving average of length k of the stopping_metric does not improve for k:=stopping_rounds scoring events (0 to disable)","required":false,"type":"int","default_value":0,"actual_value":0,"level":"secondary","values":[],"is_member_of_frames":[],"is_mutually_exclusive_with":[],"gridable":true},{"__meta":{"schema_version":3,"schema_name":"ModelParameterSchemaV3","schema_type":"Iced"},"name":"stopping_metric","label":"stopping_metric","help":"Metric to use for early stopping (AUTO: logloss for classification, deviance for regression)","required":false,"type":"enum","default_value":"AUTO","actual_value":"AUTO","level":"secondary","values":["AUTO","deviance","logloss","MSE","RMSE","MAE","RMSLE","AUC","lift_top_group","misclassification","mean_per_class_error"],"is_member_of_frames":[],"is_mutually_exclusive_with":[],"gridable":true},{"__meta":{"schema_version":3,"schema_name":"ModelParameterSchemaV3","schema_type":"Iced"},"name":"stopping_tolerance","label":"stopping_tolerance","help":"Relative tolerance for metric-based stopping criterion (stop if relative improvement is not at least this much)","required":false,"type":"double","default_value":0.001,"actual_value":0.001,"level":"secondary","values":[],"is_member_of_frames":[],"is_mutually_exclusive_with":[],"gridable":true},{"__meta":{"schema_version":3,"schema_name":"ModelParameterSchemaV3","schema_type":"Iced"},"name":"max_runtime_secs","label":"max_runtime_secs","help":"Maximum allowed runtime in seconds for model training. Use 0 to disable.","required":false,"type":"double","default_value":0.0,"actual_value":0.0,"level":"secondary","values":[],"is_member_of_frames":[],"is_mutually_exclusive_with":[],"gridable":true},{"__meta":{"schema_version":3,"schema_name":"ModelParameterSchemaV3","schema_type":"Iced"},"name":"seed","label":"seed","help":"Seed for pseudo random number generator (if applicable)","required":false,"type":"long","default_value":-1,"actual_value":403,"level":"critical","values":[],"is_member_of_frames":[],"is_mutually_exclusive_with":[],"gridable":true},{"__meta":{"schema_version":3,"schema_name":"ModelParameterSchemaV3","schema_type":"Iced"},"name":"build_tree_one_node","label":"build_tree_one_node","help":"Run on one node only; no network overhead but fewer cpus used.  Suitable for small datasets.","required":false,"type":"boolean","default_value":false,"actual_value":false,"level":"expert","values":[],"is_member_of_frames":[],"is_mutually_exclusive_with":[],"gridable":false},{"__meta":{"schema_version":3,"schema_name":"ModelParameterSchemaV3","schema_type":"Iced"},"name":"mtries","label":"mtries","help":"Number of variables randomly sampled as candidates at each split. If set to -1, defaults to sqrt{p} for classification and p/3 for regression (where p is the # of predictors","required":false,"type":"int","default_value":-1,"actual_value":1,"level":"critical","values":[],"is_member_of_frames":[],"is_mutually_exclusive_with":[],"gridable":true},{"__meta":{"schema_version":3,"schema_name":"ModelParameterSchemaV3","schema_type":"Iced"},"name":"sample_rate","label":"sample_rate","help":"Row sample rate per tree (from 0.0 to 1.0)","required":false,"type":"double","default_value":0.6320000290870667,"actual_value":0.6320000290870667,"level":"critical","values":[],"is_member_of_frames":[],"is_mutually_exclusive_with":[],"gridable":true},{"__meta":{"schema_version":3,"schema_name":"ModelParameterSchemaV3","schema_type":"Iced"},"name":"sample_rate_per_class","label":"sample_rate_per_class","help":"A list of row sample rates per class (relative fraction for each class, from 0.0 to 1.0), for each tree","required":false,"type":"double[]","default_value":null,"actual_value":null,"level":"expert","values":[],"is_member_of_frames":[],"is_mutually_exclusive_with":[],"gridable":true},{"__meta":{"schema_version":3,"schema_name":"ModelParameterSchemaV3","schema_type":"Iced"},"name":"binomial_double_trees","label":"binomial_double_trees","help":"For binary classification: Build 2x as many trees (one per class) - can lead to higher accuracy.","required":false,"type":"boolean","default_value":false,"actual_value":false,"level":"expert","values":[],"is_member_of_frames":[],"is_mutually_exclusive_with":[],"gridable":false},{"__meta":{"schema_version":3,"schema_name":"ModelParameterSchemaV3","schema_type":"Iced"},"name":"checkpoint","label":"checkpoint","help":"Model checkpoint to resume training with.","required":false,"type":"Key<Model>","default_value":null,"actual_value":null,"level":"secondary","values":[],"is_member_of_frames":[],"is_mutually_exclusive_with":[],"gridable":false},{"__meta":{"schema_version":3,"schema_name":"ModelParameterSchemaV3","schema_type":"Iced"},"name":"col_sample_rate_change_per_level","label":"col_sample_rate_change_per_level","help":"Relative change of the column sampling rate for every level (from 0.0 to 2.0)","required":false,"type":"double","default_value":1.0,"actual_value":1.0,"level":"expert","values":[],"is_member_of_frames":[],"is_mutually_exclusive_with":[],"gridable":true},{"__meta":{"schema_version":3,"schema_name":"ModelParameterSchemaV3","schema_type":"Iced"},"name":"col_sample_rate_per_tree","label":"col_sample_rate_per_tree","help":"Column sample rate per tree (from 0.0 to 1.0)","required":false,"type":"double","default_value":1.0,"actual_value":1.0,"level":"secondary","values":[],"is_member_of_frames":[],"is_mutually_exclusive_with":[],"gridable":true},{"__meta":{"schema_version":3,"schema_name":"ModelParameterSchemaV3","schema_type":"Iced"},"name":"min_split_improvement","label":"min_split_improvement","help":"Minimum relative improvement in squared error reduction for a split to happen","required":false,"type":"double","default_value":1.0E-5,"actual_value":1.0E-5,"level":"secondary","values":[],"is_member_of_frames":[],"is_mutually_exclusive_with":[],"gridable":true},{"__meta":{"schema_version":3,"schema_name":"ModelParameterSchemaV3","schema_type":"Iced"},"name":"histogram_type","label":"histogram_type","help":"What type of histogram to use for finding optimal split points","required":false,"type":"enum","default_value":"AUTO","actual_value":"AUTO","level":"secondary","values":["AUTO","UniformAdaptive","Random","QuantilesGlobal","RoundRobin"],"is_member_of_frames":[],"is_mutually_exclusive_with":[],"gridable":true},{"__meta":{"schema_version":3,"schema_name":"ModelParameterSchemaV3","schema_type":"Iced"},"name":"categorical_encoding","label":"categorical_encoding","help":"Encoding scheme for categorical features","required":false,"type":"enum","default_value":"AUTO","actual_value":"AUTO","level":"secondary","values":["AUTO","Enum","OneHotInternal","OneHotExplicit","Binary","Eigen","LabelEncoder","SortByResponse","EnumLimited"],"is_member_of_frames":[],"is_mutually_exclusive_with":[],"gridable":true},{"__meta":{"schema_version":3,"schema_name":"ModelParameterSchemaV3","schema_type":"Iced"},"name":"calibrate_model","label":"calibrate_model","help":"Use Platt Scaling to calculate calibrated class probabilities. Calibration can provide more accurate estimates of class probabilities.","required":false,"type":"boolean","default_value":false,"actual_value":false,"level":"expert","values":[],"is_member_of_frames":[],"is_mutually_exclusive_with":[],"gridable":false},{"__meta":{"schema_version":3,"schema_name":"ModelParameterSchemaV3","schema_type":"Iced"},"name":"calibration_frame","label":"calibration_frame","help":"Calibration frame for Platt Scaling","required":false,"type":"Key<Frame>","default_value":null,"actual_value":null,"level":"expert","values":[],"is_member_of_frames":[],"is_mutually_exclusive_with":[],"gridable":false},{"__meta":{"schema_version":3,"schema_name":"ModelParameterSchemaV3","schema_type":"Iced"},"name":"distribution","label":"distribution","help":"Distribution function","required":false,"type":"enum","default_value":"AUTO","actual_value":"gaussian","level":"secondary","values":["AUTO","bernoulli","multinomial","gaussian","poisson","gamma","tweedie","laplace","quantile","huber"],"is_member_of_frames":[],"is_mutually_exclusive_with":[],"gridable":true},{"__meta":{"schema_version":3,"schema_name":"ModelParameterSchemaV3","schema_type":"Iced"},"name":"custom_metric_func","label":"custom_metric_func","help":"Reference to custom evaluation function, format: `language:keyName=funcName`","required":false,"type":"string","default_value":null,"actual_value":null,"level":"secondary","values":[],"is_member_of_frames":[],"is_mutually_exclusive_with":[],"gridable":false}],"output":{"__meta":{"schema_version":3,"schema_name":"DRFModelOutputV3","schema_type":"DRFOutput"},"names":["Heat_source_power","Ta_pen","Tg_brooder"],"domains":[null,null,null],"cross_validation_models":[{"__meta":{"schema_version":3,"schema_name":"ModelKeyV3","schema_type":"Key<Model>"},"name":"Grid_DRF_all.dataset_model_R_1525228668756_4_model_0_cv_1","type":"Key<Model>","URL":"/3/Models/Grid_DRF_all.dataset_model_R_1525228668756_4_model_0_cv_1"},{"__meta":{"schema_version":3,"schema_name":"ModelKeyV3","schema_type":"Key<Model>"},"name":"Grid_DRF_all.dataset_model_R_1525228668756_4_model_0_cv_2","type":"Key<Model>","URL":"/3/Models/Grid_DRF_all.dataset_model_R_1525228668756_4_model_0_cv_2"},{"__meta":{"schema_version":3,"schema_name":"ModelKeyV3","schema_type":"Key<Model>"},"name":"Grid_DRF_all.dataset_model_R_1525228668756_4_model_0_cv_3","type":"Key<Model>","URL":"/3/Models/Grid_DRF_all.dataset_model_R_1525228668756_4_model_0_cv_3"},{"__meta":{"schema_version":3,"schema_name":"ModelKeyV3","schema_type":"Key<Model>"},"name":"Grid_DRF_all.dataset_model_R_1525228668756_4_model_0_cv_4","type":"Key<Model>","URL":"/3/Models/Grid_DRF_all.dataset_model_R_1525228668756_4_model_0_cv_4"},{"__meta":{"schema_version":3,"schema_name":"ModelKeyV3","schema_type":"Key<Model>"},"name":"Grid_DRF_all.dataset_model_R_1525228668756_4_model_0_cv_5","type":"Key<Model>","URL":"/3/Models/Grid_DRF_all.dataset_model_R_1525228668756_4_model_0_cv_5"}],"cross_validation_predictions":[{"__meta":{"schema_version":3,"schema_name":"FrameKeyV3","schema_type":"Key<Frame>"},"name":"prediction_Grid_DRF_all.dataset_model_R_1525228668756_4_model_0_cv_1","type":"Key<Frame>","URL":"/3/Frames/prediction_Grid_DRF_all.dataset_model_R_1525228668756_4_model_0_cv_1"},{"__meta":{"schema_version":3,"schema_name":"FrameKeyV3","schema_type":"Key<Frame>"},"name":"prediction_Grid_DRF_all.dataset_model_R_1525228668756_4_model_0_cv_2","type":"Key<Frame>","URL":"/3/Frames/prediction_Grid_DRF_all.dataset_model_R_1525228668756_4_model_0_cv_2"},{"__meta":{"schema_version":3,"schema_name":"FrameKeyV3","schema_type":"Key<Frame>"},"name":"prediction_Grid_DRF_all.dataset_model_R_1525228668756_4_model_0_cv_3","type":"Key<Frame>","URL":"/3/Frames/prediction_Grid_DRF_all.dataset_model_R_1525228668756_4_model_0_cv_3"},{"__meta":{"schema_version":3,"schema_name":"FrameKeyV3","schema_type":"Key<Frame>"},"name":"prediction_Grid_DRF_all.dataset_model_R_1525228668756_4_model_0_cv_4","type":"Key<Frame>","URL":"/3/Frames/prediction_Grid_DRF_all.dataset_model_R_1525228668756_4_model_0_cv_4"},{"__meta":{"schema_version":3,"schema_name":"FrameKeyV3","schema_type":"Key<Frame>"},"name":"prediction_Grid_DRF_all.dataset_model_R_1525228668756_4_model_0_cv_5","type":"Key<Frame>","URL":"/3/Frames/prediction_Grid_DRF_all.dataset_model_R_1525228668756_4_model_0_cv_5"}],"cross_validation_holdout_predictions_frame_id":{"__meta":{"schema_version":3,"schema_name":"FrameKeyV3","schema_type":"Key<Frame>"},"name":"cv_holdout_prediction_Grid_DRF_all.dataset_model_R_1525228668756_4_model_0","type":"Key<Frame>","URL":"/3/Frames/cv_holdout_prediction_Grid_DRF_all.dataset_model_R_1525228668756_4_model_0"},"cross_validation_fold_assignment_frame_id":null,"model_category":"Regression","model_summary":{"__meta":{"schema_version":3,"schema_name":"TwoDimTableV3","schema_type":"TwoDimTable"},"name":"Model Summary","description":"","columns":[{"__meta":{"schema_version":-1,"schema_name":"ColumnSpecsBase","schema_type":"Iced"},"name":"","type":"string","format":"%s","description":""},{"__meta":{"schema_version":-1,"schema_name":"ColumnSpecsBase","schema_type":"Iced"},"name":"number_of_trees","type":"long","format":"%d","description":"Number of Trees"},{"__meta":{"schema_version":-1,"schema_name":"ColumnSpecsBase","schema_type":"Iced"},"name":"number_of_internal_trees","type":"long","format":"%d","description":"Number of Internal Trees"},{"__meta":{"schema_version":-1,"schema_name":"ColumnSpecsBase","schema_type":"Iced"},"name":"model_size_in_bytes","type":"long","format":"%d","description":"Model Size in Bytes"},{"__meta":{"schema_version":-1,"schema_name":"ColumnSpecsBase","schema_type":"Iced"},"name":"min_depth","type":"long","format":"%d","description":"Min. Depth"},{"__meta":{"schema_version":-1,"schema_name":"ColumnSpecsBase","schema_type":"Iced"},"name":"max_depth","type":"long","format":"%d","description":"Max. Depth"},{"__meta":{"schema_version":-1,"schema_name":"ColumnSpecsBase","schema_type":"Iced"},"name":"mean_depth","type":"double","format":"%.5f","description":"Mean Depth"},{"__meta":{"schema_version":-1,"schema_name":"ColumnSpecsBase","schema_type":"Iced"},"name":"min_leaves","type":"long","format":"%d","description":"Min. Leaves"},{"__meta":{"schema_version":-1,"schema_name":"ColumnSpecsBase","schema_type":"Iced"},"name":"max_leaves","type":"long","format":"%d","description":"Max. Leaves"},{"__meta":{"schema_version":-1,"schema_name":"ColumnSpecsBase","schema_type":"Iced"},"name":"mean_leaves","type":"double","format":"%.5f","description":"Mean Leaves"}],"rowcount":1,"data":[[""],[179],[179],[91032],[5],[13],[8.743017],[10],[60],[35.49162]]},"scoring_history":{"__meta":{"schema_version":3,"schema_name":"TwoDimTableV3","schema_type":"TwoDimTable"},"name":"Scoring History","description":"","columns":[{"__meta":{"schema_version":-1,"schema_name":"ColumnSpecsBase","schema_type":"Iced"},"name":"","type":"string","format":"%s","description":""},{"__meta":{"schema_version":-1,"schema_name":"ColumnSpecsBase","schema_type":"Iced"},"name":"timestamp","type":"string","format":"%s","description":"Timestamp"},{"__meta":{"schema_version":-1,"schema_name":"ColumnSpecsBase","schema_type":"Iced"},"name":"duration","type":"string","format":"%s","description":"Duration"},{"__meta":{"schema_version":-1,"schema_name":"ColumnSpecsBase","schema_type":"Iced"},"name":"number_of_trees","type":"long","format":"%d","description":"Number of Trees"},{"__meta":{"schema_version":-1,"schema_name":"ColumnSpecsBase","schema_type":"Iced"},"name":"training_rmse","type":"double","format":"%.5f","description":"Training RMSE"},{"__meta":{"schema_version":-1,"schema_name":"ColumnSpecsBase","schema_type":"Iced"},"name":"training_mae","type":"double","format":"%.5f","description":"Training MAE"},{"__meta":{"schema_version":-1,"schema_name":"ColumnSpecsBase","schema_type":"Iced"},"name":"training_deviance","type":"double","format":"%.5f","description":"Training Deviance"}],"rowcount":180,"data":[["","","","","","","","","","","","","","","","","","","","","","","","","","","","","","","","","","","","","","","","","","","","","","","","","","","","","","","","","","","","","","","","","","","","","","","","","","","","","","","","","","","","","","","","","","","","","","","","","","","","","","","","","","","","","","","","","","","","","","","","","","","","","","","","","","","","","","","","","","","","","","","","","","","","","","","","","","","","","","","","","","","","","","","","","","","","","","","","","","","",""],["2018-05-01 22:41:33","2018-05-01 22:41:33","2018-05-01 22:41:33","2018-05-01 22:41:33","2018-05-01 22:41:33","2018-05-01 22:41:33","2018-05-01 22:41:33","2018-05-01 22:41:33","2018-05-01 22:41:33","2018-05-01 22:41:33","2018-05-01 22:41:33","2018-05-01 22:41:33","2018-05-01 22:41:33","2018-05-01 22:41:33","2018-05-01 22:41:33","2018-05-01 22:41:33","2018-05-01 22:41:33","2018-05-01 22:41:33","2018-05-01 22:41:33","2018-05-01 22:41:33","2018-05-01 22:41:33","2018-05-01 22:41:33","2018-05-01 22:41:33","2018-05-01 22:41:33","2018-05-01 22:41:33","2018-05-01 22:41:33","2018-05-01 22:41:33","2018-05-01 22:41:33","2018-05-01 22:41:33","2018-05-01 22:41:33","2018-05-01 22:41:33","2018-05-01 22:41:33","2018-05-01 22:41:33","2018-05-01 22:41:33","2018-05-01 22:41:33","2018-05-01 22:41:33","2018-05-01 22:41:33","2018-05-01 22:41:33","2018-05-01 22:41:33","2018-05-01 22:41:33","2018-05-01 22:41:33","2018-05-01 22:41:33","2018-05-01 22:41:33","2018-05-01 22:41:33","2018-05-01 22:41:33","2018-05-01 22:41:33","2018-05-01 22:41:33","2018-05-01 22:41:33","2018-05-01 22:41:33","2018-05-01 22:41:33","2018-05-01 22:41:33","2018-05-01 22:41:33","2018-05-01 22:41:33","2018-05-01 22:41:33","2018-05-01 22:41:33","2018-05-01 22:41:33","2018-05-01 22:41:33","2018-05-01 22:41:33","2018-05-01 22:41:33","2018-05-01 22:41:33","2018-05-01 22:41:33","2018-05-01 22:41:33","2018-05-01 22:41:33","2018-05-01 22:41:33","2018-05-01 22:41:33","2018-05-01 22:41:33","2018-05-01 22:41:33","2018-05-01 22:41:33","2018-05-01 22:41:33","2018-05-01 22:41:33","2018-05-01 22:41:33","2018-05-01 22:41:33","2018-05-01 22:41:33","2018-05-01 22:41:33","2018-05-01 22:41:33","2018-05-01 22:41:33","2018-05-01 22:41:33","2018-05-01 22:41:33","2018-05-01 22:41:33","2018-05-01 22:41:33","2018-05-01 22:41:33","2018-05-01 22:41:33","2018-05-01 22:41:33","2018-05-01 22:41:33","2018-05-01 22:41:33","2018-05-01 22:41:33","2018-05-01 22:41:33","2018-05-01 22:41:33","2018-05-01 22:41:33","2018-05-01 22:41:33","2018-05-01 22:41:33","2018-05-01 22:41:33","2018-05-01 22:41:33","2018-05-01 22:41:33","2018-05-01 22:41:33","2018-05-01 22:41:33","2018-05-01 22:41:33","2018-05-01 22:41:33","2018-05-01 22:41:33","2018-05-01 22:41:33","2018-05-01 22:41:33","2018-05-01 22:41:33","2018-05-01 22:41:33","2018-05-01 22:41:33","2018-05-01 22:41:33","2018-05-01 22:41:33","2018-05-01 22:41:33","2018-05-01 22:41:33","2018-05-01 22:41:33","2018-05-01 22:41:33","2018-05-01 22:41:33","2018-05-01 22:41:33","2018-05-01 22:41:33","2018-05-01 22:41:33","2018-05-01 22:41:33","2018-05-01 22:41:33","2018-05-01 22:41:33","2018-05-01 22:41:33","2018-05-01 22:41:33","2018-05-01 22:41:33","2018-05-01 22:41:33","2018-05-01 22:41:33","2018-05-01 22:41:33","2018-05-01 22:41:33","2018-05-01 22:41:33","2018-05-01 22:41:33","2018-05-01 22:41:33","2018-05-01 22:41:33","2018-05-01 22:41:33","2018-05-01 22:41:33","2018-05-01 22:41:33","2018-05-01 22:41:33","2018-05-01 22:41:33","2018-05-01 22:41:33","2018-05-01 22:41:33","2018-05-01 22:41:33","2018-05-01 22:41:33","2018-05-01 22:41:33","2018-05-01 22:41:33","2018-05-01 22:41:33","2018-05-01 22:41:33","2018-05-01 22:41:33","2018-05-01 22:41:33","2018-05-01 22:41:33","2018-05-01 22:41:33","2018-05-01 22:41:33","2018-05-01 22:41:33","2018-05-01 22:41:33","2018-05-01 22:41:33","2018-05-01 22:41:33","2018-05-01 22:41:33","2018-05-01 22:41:33","2018-05-01 22:41:33","2018-05-01 22:41:33","2018-05-01 22:41:33","2018-05-01 22:41:33","2018-05-01 22:41:33","2018-05-01 22:41:33","2018-05-01 22:41:34","2018-05-01 22:41:34","2018-05-01 22:41:34","2018-05-01 22:41:34","2018-05-01 22:41:34","2018-05-01 22:41:34","2018-05-01 22:41:34","2018-05-01 22:41:34","2018-05-01 22:41:34","2018-05-01 22:41:34","2018-05-01 22:41:34","2018-05-01 22:41:34","2018-05-01 22:41:34","2018-05-01 22:41:34","2018-05-01 22:41:34","2018-05-01 22:41:34","2018-05-01 22:41:34","2018-05-01 22:41:34","2018-05-01 22:41:34","2018-05-01 22:41:34","2018-05-01 22:41:34","2018-05-01 22:41:34"],[" 1.598 sec"," 1.602 sec"," 1.604 sec"," 1.606 sec"," 1.608 sec"," 1.610 sec"," 1.612 sec"," 1.613 sec"," 1.615 sec"," 1.616 sec"," 1.617 sec"," 1.619 sec"," 1.621 sec"," 1.622 sec"," 1.623 sec"," 1.625 sec"," 1.627 sec"," 1.628 sec"," 1.630 sec"," 1.631 sec"," 1.633 sec"," 1.634 sec"," 1.636 sec"," 1.638 sec"," 1.640 sec"," 1.642 sec"," 1.643 sec"," 1.645 sec"," 1.647 sec"," 1.649 sec"," 1.651 sec"," 1.652 sec"," 1.654 sec"," 1.656 sec"," 1.658 sec"," 1.660 sec"," 1.661 sec"," 1.663 sec"," 1.665 sec"," 1.666 sec"," 1.668 sec"," 1.669 sec"," 1.671 sec"," 1.673 sec"," 1.675 sec"," 1.677 sec"," 1.678 sec"," 1.680 sec"," 1.682 sec"," 1.684 sec"," 1.686 sec"," 1.688 sec"," 1.690 sec"," 1.692 sec"," 1.694 sec"," 1.697 sec"," 1.699 sec"," 1.701 sec"," 1.703 sec"," 1.705 sec"," 1.707 sec"," 1.710 sec"," 1.712 sec"," 1.715 sec"," 1.717 sec"," 1.719 sec"," 1.722 sec"," 1.724 sec"," 1.726 sec"," 1.729 sec"," 1.731 sec"," 1.733 sec"," 1.735 sec"," 1.738 sec"," 1.740 sec"," 1.743 sec"," 1.746 sec"," 1.749 sec"," 1.751 sec"," 1.753 sec"," 1.756 sec"," 1.758 sec"," 1.760 sec"," 1.762 sec"," 1.765 sec"," 1.767 sec"," 1.769 sec"," 1.771 sec"," 1.773 sec"," 1.776 sec"," 1.778 sec"," 1.780 sec"," 1.783 sec"," 1.785 sec"," 1.787 sec"," 1.789 sec"," 1.792 sec"," 1.794 sec"," 1.796 sec"," 1.798 sec"," 1.801 sec"," 1.803 sec"," 1.805 sec"," 1.807 sec"," 1.810 sec"," 1.812 sec"," 1.814 sec"," 1.817 sec"," 1.819 sec"," 1.821 sec"," 1.824 sec"," 1.826 sec"," 1.829 sec"," 1.831 sec"," 1.834 sec"," 1.837 sec"," 1.839 sec"," 1.842 sec"," 1.844 sec"," 1.847 sec"," 1.850 sec"," 1.853 sec"," 1.855 sec"," 1.858 sec"," 1.861 sec"," 1.863 sec"," 1.866 sec"," 1.869 sec"," 1.872 sec"," 1.874 sec"," 1.877 sec"," 1.880 sec"," 1.883 sec"," 1.885 sec"," 1.888 sec"," 1.891 sec"," 1.893 sec"," 1.896 sec"," 1.899 sec"," 1.901 sec"," 1.904 sec"," 1.907 sec"," 1.910 sec"," 1.913 sec"," 1.916 sec"," 1.919 sec"," 1.922 sec"," 1.924 sec"," 1.927 sec"," 1.930 sec"," 1.933 sec"," 1.936 sec"," 1.939 sec"," 1.942 sec"," 1.945 sec"," 1.948 sec"," 1.951 sec"," 1.954 sec"," 1.957 sec"," 1.960 sec"," 1.963 sec"," 1.966 sec"," 1.968 sec"," 1.972 sec"," 1.975 sec"," 1.978 sec"," 1.981 sec"," 1.984 sec"," 1.987 sec"," 1.990 sec"," 1.993 sec"," 1.996 sec"," 1.999 sec"," 2.002 sec"," 2.006 sec"," 2.009 sec"," 2.012 sec"," 2.016 sec"," 2.019 sec"," 2.022 sec"],[0,1,2,3,4,5,6,7,8,9,10,11,12,13,14,15,16,17,18,19,20,21,22,23,24,25,26,27,28,29,30,31,32,33,34,35,36,37,38,39,40,41,42,43,44,45,46,47,48,49,50,51,52,53,54,55,56,57,58,59,60,61,62,63,64,65,66,67,68,69,70,71,72,73,74,75,76,77,78,79,80,81,82,83,84,85,86,87,88,89,90,91,92,93,94,95,96,97,98,99,100,101,102,103,104,105,106,107,108,109,110,111,112,113,114,115,116,117,118,119,120,121,122,123,124,125,126,127,128,129,130,131,132,133,134,135,136,137,138,139,140,141,142,143,144,145,146,147,148,149,150,151,152,153,154,155,156,157,158,159,160,161,162,163,164,165,166,167,168,169,170,171,172,173,174,175,176,177,178,179],["NaN",1.9237226096375217,1.7367900676386363,1.557861285903336,1.6345861383849305,1.5400472842215205,1.4291606936815828,1.3738440870325874,1.3584827678255182,1.2601109578852652,1.1905112146636896,1.1995517792924568,1.1785875284497291,1.1671319493665675,1.1535707685217675,1.1562843501996305,1.1459990230228168,1.1425868768352268,1.1305345975195233,1.1063219124696202,1.1080594400265755,1.108943039689074,1.0986004318581022,1.0949764819478958,1.0954895815071908,1.0786824997947952,1.0667949959753655,1.059635014713815,1.0458913966911652,1.060313465466879,1.0762181785256066,1.0822887195467432,1.077886129778067,1.0905866769267845,1.0896386059009466,1.0810241298300483,1.0828020876707571,1.0813524852170913,1.0727504279188516,1.0721780168612753,1.0697938178250301,1.0700064216382734,1.0795654682929607,1.0735119550939776,1.0655700171886082,1.0630994591081362,1.0639943807399177,1.061896257160569,1.0641012306584101,1.0630720957803304,1.0604560858602143,1.0645389909518688,1.0615101357376542,1.0620794323028047,1.063399708105602,1.0594832572015067,1.0545133944095628,1.0517236498975684,1.0487063608016751,1.0476469708523095,1.0445461537507612,1.041148285754786,1.0414751351557003,1.0431121080918564,1.0445647265244058,1.0494415136936408,1.045881719155023,1.0485661044438104,1.0511007620624417,1.0515736060604022,1.0513842960972446,1.0490535486006303,1.0559925288839287,1.0552395908068504,1.0580135909873565,1.054395299517853,1.0535836776805025,1.052089881127396,1.0502361369319715,1.049375766661057,1.0500914309095928,1.0502514914275418,1.05245837061683,1.0534909026223587,1.0496062892478175,1.052619041787635,1.0546798070294432,1.055506272104438,1.0544600371521524,1.0548022681740552,1.0539470750830822,1.0536869117988683,1.0527757510469369,1.0509728773403373,1.04750350905133,1.0496976852293058,1.0495744580876527,1.047938510990058,1.050470868534011,1.050480250102888,1.0511432362805362,1.0514437366395355,1.051595593082432,1.050386714755518,1.0516801614665108,1.0512885333972333,1.0534656577535662,1.0512411183287473,1.0543491598544452,1.0521173113050473,1.0529932796212662,1.0527354911864157,1.054094756143204,1.0545900193372824,1.054336377015207,1.0546480938238798,1.052934238103975,1.0514926039734929,1.0506034810399234,1.0503684508654398,1.0518123129880927,1.0519365876276778,1.0517195028283814,1.0518546423538606,1.0517923828058504,1.0515820713233959,1.0516371222004683,1.053318416556193,1.0522181058736333,1.0522453209450695,1.0503907123581209,1.0510187216689204,1.0503471198755499,1.0507820688295668,1.0511697444159276,1.0500230725433868,1.05093999390058,1.050491684311346,1.0507042451795896,1.0503555223961971,1.0528383305269402,1.0503598895387993,1.0505488821940325,1.0496141726082955,1.0498147816604442,1.048929843493246,1.0478449436559785,1.0468720791591672,1.0463148387816488,1.0466816637726737,1.0468112231603173,1.0489848960465795,1.0473743759777758,1.0473780149808831,1.04745462185403,1.0472762741966648,1.0465600322717543,1.046773177074593,1.0482159284508163,1.0489833006170555,1.047943876953561,1.0468670173189751,1.0462546288266217,1.0481672480457245,1.0472826576125565,1.0478662747074903,1.0495321699046902,1.049193768648955,1.05007958507622,1.0506132326466229,1.0496251611368501,1.0498810150333822,1.0500083016164297,1.0497045303981583,1.0501067638145862,1.051048221552536,1.050559525166322,1.0508730883104105,1.0505878550463936,1.0502139347899866],["NaN",1.2534319241841634,1.1472220230102539,1.0273072393057574,1.1178966496614804,1.0301363562322727,0.9801492546721231,0.9289782480327433,0.9164797811113168,0.8890290653004365,0.8608542381505452,0.8716847256392556,0.8446697563207997,0.8344254666244613,0.8396019844301734,0.84494896521684,0.8300659915289503,0.8313339883536138,0.8200012188198377,0.8100382511909942,0.8080281452067202,0.8076988311602687,0.800743373983568,0.8010909502219601,0.8110229184049067,0.803109775773988,0.7933234178147908,0.7854197977886606,0.7728621341295799,0.781670883892368,0.7876221929278453,0.7985284559879706,0.7918229244596211,0.7979719074519268,0.797793126424487,0.7918964033322002,0.7950223414195804,0.7959450019040343,0.7912229232472012,0.7905336190115347,0.787491522841099,0.7887435339808224,0.7932414661182768,0.7891350702318228,0.7851629287616417,0.7838601481892388,0.7825085695974933,0.7814375442094854,0.7824292333235622,0.7817531745383777,0.7800532295259076,0.7848786965104634,0.7835107381021281,0.7896935482346075,0.7906165651832442,0.7868372202519464,0.7837423827817852,0.7818532318329797,0.7782029517199626,0.7772694860322715,0.776483483713982,0.773508199518457,0.7717840985722183,0.77235620667873,0.7747985778101798,0.777353981213528,0.7741983772408937,0.7766656655061218,0.7763955681815362,0.7758756195198572,0.7758467717659616,0.7735553947558961,0.7798903911944709,0.7787165543015985,0.7799555448555725,0.7779969314085277,0.7766461591786429,0.7751960679170149,0.7727915145257194,0.7752328614528101,0.7782290479776057,0.7780573066749381,0.7790807826584001,0.7790194663728064,0.776855757064457,0.7796606034372121,0.7797471406842666,0.7804408984118282,0.7811189364559499,0.7811465208858472,0.7793053812269473,0.7785607313995773,0.7771677230076817,0.7758217033192981,0.7731445132621406,0.7753199204963451,0.7749940399168369,0.7726098668239655,0.7743065510421798,0.7747936415211882,0.7753013532568167,0.7765649101601877,0.778035207002841,0.7776382828849357,0.7792064861011974,0.7795772155721058,0.7814381935861907,0.7799065550395907,0.7827667072393981,0.7815629412315692,0.7816046201174431,0.7809023232994379,0.7811845746024528,0.7830246718312123,0.7830296275159057,0.7822385267358127,0.7814542936765272,0.780447038594313,0.7802971091467297,0.7799923034180412,0.7801400340433636,0.7787117968179051,0.778423844775973,0.7793527231563387,0.7793562101507719,0.7795552407805336,0.7800450539669642,0.7803074477037534,0.7791360546156536,0.7790632797063515,0.7769124273690456,0.7775036055030219,0.7772629590168579,0.7786740785691726,0.7789984190542594,0.7778862409453509,0.7792912353237181,0.7783048760550642,0.7782128351604782,0.7775553656045245,0.7797243633680685,0.7782010093702206,0.7781903243525785,0.7777427458948889,0.7785401043901033,0.7774762885509423,0.7762168392572535,0.7755371221909027,0.7751974995146153,0.7766884516941535,0.7770718096986524,0.7783317169289191,0.7768294850696704,0.7767066920457463,0.7762895915735645,0.776158822500201,0.7760899525438142,0.7765631997749058,0.7785927959496101,0.7783780901654105,0.7775339181313536,0.7763479110441914,0.7762621743332169,0.7781093515034931,0.7782727728463984,0.7784977689961107,0.7821017386857315,0.781586741618827,0.7826441770740525,0.7830018097522183,0.7813930340301615,0.7818651066331858,0.7820402890084853,0.7816662328529786,0.7823831578283931,0.7827742886127848,0.7814528398672778,0.781853586845529,0.7815173616695769,0.7813920140324373],["NaN",3.7007086788305967,3.016439739048219,2.4269317861163957,2.671871843800159,2.3717456376380808,2.042500288364423,1.8874475754744036,1.8454754304788807,1.5878796261825208,1.4173169522400135,1.4389244712036993,1.389068562217241,1.3621969872322037,1.3307255179879014,1.336993498516582,1.3133137607692504,1.3055047711160777,1.2781084761886308,1.2239481740104379,1.2277957226320082,1.229754665274843,1.2069229088788087,1.1989734960189906,1.2000974231908,1.1635559353635485,1.1380515634380803,1.1228263644075467,1.0938888136725962,1.1242646450503828,1.1582455677889745,1.1713488724581291,1.1618385087679401,1.1893792998902064,1.1873122914697585,1.168613169274813,1.1724603610641502,1.1693231972851794,1.1507934806000792,1.149565699840577,1.1444588126566537,1.1449137423471425,1.1654616003305998,1.1524279177296939,1.1354394615313308,1.130180459956012,1.1320840422461211,1.1276236609716255,1.1323114290887428,1.1301222808267837,1.1245671100379662,1.1332432632568228,1.1268037682737728,1.128012720520648,1.1308189391990795,1.122504772290314,1.111998498989178,1.106122635753863,1.0997850311858932,1.09756417553602,1.091076667315509,1.0839897529301294,1.0846704571475843,1.0880828700478369,1.0911154678990067,1.1013274906636,1.093868570462666,1.0994908753884678,1.1048128120082457,1.1058070489628777,1.1054089380798984,1.1005133478315747,1.115120221058675,1.1135305940062092,1.1193927587139612,1.1117494476453427,1.1100385658747731,1.106893117970658,1.1029959433177907,1.1011894996554812,1.102692013269756,1.1030281952457759,1.107668621881433,1.1098430819080718,1.1016733624285733,1.1080068471339193,1.1123494953556634,1.1140934904518078,1.1118859699509185,1.1126078249451314,1.110804437076184,1.110256108096236,1.1083367819924421,1.1045439889050275,1.0972636014748498,1.1018652303757628,1.10160654306999,1.09817512281606,1.1034890456385993,1.103508755856226,1.104902103178319,1.105533931318509,1.1058532913903916,1.1033122505348898,1.106031162022226,1.1052075804525057,1.1097898920661537,1.1051078888650754,1.1116521508857744,1.1069508367477616,1.1087948469275501,1.1082520144035042,1.1111157549286004,1.1121601088858095,1.1116251958975525,1.112282601806343,1.1086705097715983,1.1056366962109567,1.1037676743732048,1.1032738825734638,1.1063091417533617,1.106570584389763,1.1061139126295778,1.1063981886413679,1.1062672165284086,1.1058248527288037,1.1059406367900828,1.1094796866564458,1.1071629423282967,1.1072202154507924,1.1033206486082008,1.1046403532985714,1.1032290722308626,1.1041429561737446,1.1049578315754467,1.1025484528734546,1.1044748707797511,1.1035327788072888,1.1039794108384111,1.1032467234281882,1.1084685502267546,1.1032558975519589,1.1036529538791313,1.1016899113401966,1.102111075792766,1.1002538165707656,1.0979790259454005,1.0959411501230378,1.0947747418546676,1.0955425052779324,1.0958137369343997,1.1003693121338531,1.0969930834548354,1.097000706265295,1.0971611848433687,1.0967875944952479,1.0952879011486556,1.0957340842428371,1.0987566326580072,1.1003659649734518,1.0981863692444602,1.0959305519503273,1.094648748341132,1.0986545798757472,1.096800964936019,1.0980237296693534,1.1015177756648475,1.100807564171797,1.1026671349938462,1.1037881646121868,1.1017129788915585,1.1022501457275247,1.102517433463419,1.101879601138418,1.1027242154091432,1.104702364028749,1.103675315917688,1.1043342477350597,1.103734841170982,1.102949308827066]]},"training_metrics":{"__meta":{"schema_version":3,"schema_name":"ModelMetricsRegressionV3","schema_type":"ModelMetricsRegression"},"model":{"__meta":{"schema_version":3,"schema_name":"ModelKeyV3","schema_type":"Key<Model>"},"name":"Grid_DRF_all.dataset_model_R_1525228668756_4_model_0","type":"Key<Model>","URL":"/3/Models/Grid_DRF_all.dataset_model_R_1525228668756_4_model_0"},"model_checksum":-8113905679111792271,"frame":{"__meta":{"schema_version":3,"schema_name":"FrameKeyV3","schema_type":"Key<Frame>"},"name":"all.dataset","type":"Key<Frame>","URL":"/3/Frames/all.dataset"},"frame_checksum":5670609170868312293,"description":"Metrics reported on Out-Of-Bag training samples","model_category":"Regression","scoring_time":1525228894068,"predictions":null,"MSE":1.102949308827066,"RMSE":1.0502139347899866,"nobs":173,"custom_metric_name":null,"custom_metric_value":0.0,"r2":0.907542201759311,"mean_residual_deviance":1.102949308827066,"mae":0.7813920140324373,"rmsle":0.039135844774748206},"validation_metrics":null,"cross_validation_metrics":{"__meta":{"schema_version":3,"schema_name":"ModelMetricsRegressionV3","schema_type":"ModelMetricsRegression"},"model":{"__meta":{"schema_version":3,"schema_name":"ModelKeyV3","schema_type":"Key<Model>"},"name":"Grid_DRF_all.dataset_model_R_1525228668756_4_model_0","type":"Key<Model>","URL":"/3/Models/Grid_DRF_all.dataset_model_R_1525228668756_4_model_0"},"model_checksum":-8113905679111792271,"frame":{"__meta":{"schema_version":3,"schema_name":"FrameKeyV3","schema_type":"Key<Frame>"},"name":"all.dataset","type":"Key<Frame>","URL":"/3/Frames/all.dataset"},"frame_checksum":5670609170868312293,"description":"5-fold cross-validation on training data (Metrics computed for combined holdout predictions)","model_category":"Regression","scoring_time":1525228894073,"predictions":null,"MSE":1.0286522206415811,"RMSE":1.014224935919829,"nobs":173,"custom_metric_name":null,"custom_metric_value":0.0,"r2":0.9137703621419833,"mean_residual_deviance":1.0286522206415811,"mae":0.7371113187993358,"rmsle":0.03811035069238741},"cross_validation_metrics_summary":{"__meta":{"schema_version":3,"schema_name":"TwoDimTableV3","schema_type":"TwoDimTable"},"name":"Cross-Validation Metrics Summary","description":"","columns":[{"__meta":{"schema_version":-1,"schema_name":"ColumnSpecsBase","schema_type":"Iced"},"name":"","type":"string","format":"%s","description":""},{"__meta":{"schema_version":-1,"schema_name":"ColumnSpecsBase","schema_type":"Iced"},"name":"mean","type":"string","format":"%s","description":"mean"},{"__meta":{"schema_version":-1,"schema_name":"ColumnSpecsBase","schema_type":"Iced"},"name":"sd","type":"string","format":"%s","description":"sd"},{"__meta":{"schema_version":-1,"schema_name":"ColumnSpecsBase","schema_type":"Iced"},"name":"cv_1_valid","type":"string","format":"%s","description":"cv_1_valid"},{"__meta":{"schema_version":-1,"schema_name":"ColumnSpecsBase","schema_type":"Iced"},"name":"cv_2_valid","type":"string","format":"%s","description":"cv_2_valid"},{"__meta":{"schema_version":-1,"schema_name":"ColumnSpecsBase","schema_type":"Iced"},"name":"cv_3_valid","type":"string","format":"%s","description":"cv_3_valid"},{"__meta":{"schema_version":-1,"schema_name":"ColumnSpecsBase","schema_type":"Iced"},"name":"cv_4_valid","type":"string","format":"%s","description":"cv_4_valid"},{"__meta":{"schema_version":-1,"schema_name":"ColumnSpecsBase","schema_type":"Iced"},"name":"cv_5_valid","type":"string","format":"%s","description":"cv_5_valid"}],"rowcount":7,"data":[["mae","mean_residual_deviance","mse","r2","residual_deviance","rmse","rmsle"],["0.7376788","1.0299248","1.0299248","0.91209376","1.0299248","1.0126578","0.038029157"],["0.040685125","0.09762997","0.09762997","0.0045953216","0.09762997","0.047164377","0.0018827664"],["0.7006161","0.9120492","0.9120492","0.9146187","0.9120492","0.9550127","0.03549431"],["0.6795638","1.0717256","1.0717256","0.9146145","1.0717256","1.0352418","0.039299328"],["0.73468226","0.88586074","0.88586074","0.90980494","0.88586074","0.94120175","0.037398353"],["0.8458156","1.271693","1.271693","0.900984","1.271693","1.1276937","0.042527597"],["0.72771627","1.008295","1.008295","0.9204469","1.008295","1.004139","0.035426192"]]},"status":null,"start_time":1525228893643,"end_time":1525228894071,"run_time":428,"help":{"validation_metrics":"Validation data model metrics", "cross_validation_metrics_summary":"Cross-validation model metrics summary", "run_time":"Runtime in milliseconds", "status":"Job status", "domains":"Domains for categorical columns", "model_category":"Category of the model (e.g., Binomial)", "__meta":"Metadata on this schema instance, to make it self-describing.", "variable_importances":"Variable Importances", "model_summary":"Model summary", "scoring_history":"Scoring history", "help":"Help information for output fields", "end_time":"End time in milliseconds", "names":"Column names", "cross_validation_fold_assignment_frame_id":"Cross-validation fold assignment (each row is assigned to one holdout fold)", "start_time":"Start time in milliseconds", "training_metrics":"Training data model metrics", "cross_validation_models":"Cross-validation models (model ids)", "cross_validation_metrics":"Cross-validation model metrics", "cross_validation_predictions":"Cross-validation predictions, one per cv model (deprecated, use cross_validation_holdout_predictions_frame_id instead)", "init_f":"The Intercept term, the initial model function value to which trees make adjustments", "cross_validation_holdout_predictions_frame_id":"Cross-validation holdout predictions (full out-of-sample predictions on training data)"},"variable_importances":{"__meta":{"schema_version":3,"schema_name":"TwoDimTableV3","schema_type":"TwoDimTable"},"name":"Variable Importances","description":"","columns":[{"__meta":{"schema_version":-1,"schema_name":"ColumnSpecsBase","schema_type":"Iced"},"name":"variable","type":"string","format":"%s","description":"Variable"},{"__meta":{"schema_version":-1,"schema_name":"ColumnSpecsBase","schema_type":"Iced"},"name":"relative_importance","type":"double","format":"%5f","description":"Relative Importance"},{"__meta":{"schema_version":-1,"schema_name":"ColumnSpecsBase","schema_type":"Iced"},"name":"scaled_importance","type":"double","format":"%5f","description":"Scaled Importance"},{"__meta":{"schema_version":-1,"schema_name":"ColumnSpecsBase","schema_type":"Iced"},"name":"percentage","type":"double","format":"%5f","description":"Percentage"}],"rowcount":2,"data":[["Heat_source_power","Ta_pen"],[213674.078125,42480.359375],[1.0,0.198809138421315],[0.8341611420454116,0.16583885795458844]]},"init_f":0.0},"compatible_frames":null}
