{"__meta":{"schema_version":3,"schema_name":"DRFModelV3","schema_type":"DRFModel"},"model_id":{"__meta":{"schema_version":3,"schema_name":"ModelKeyV3","schema_type":"Key<Model>"},"name":"Grid_DRF_all.dataset_model_R_1525228668756_5_model_0","type":"Key<Model>","URL":"/3/Models/Grid_DRF_all.dataset_model_R_1525228668756_5_model_0"},"algo":"drf","algo_full_name":"Distributed Random Forest","response_column_name":"Tr","data_frame":{"__meta":{"schema_version":3,"schema_name":"FrameKeyV3","schema_type":"Key<Frame>"},"name":"all.dataset","type":"Key<Frame>","URL":"/3/Frames/all.dataset"},"timestamp":0,"have_pojo":true,"have_mojo":true,"algo":"drf","algo_full_name":"Distributed Random Forest","model_id":{"__meta":{"schema_version":3,"schema_name":"ModelKeyV3","schema_type":"Key<Model>"},"name":"Grid_DRF_all.dataset_model_R_1525228668756_5_model_0","type":"Key<Model>","URL":"/3/Models/Grid_DRF_all.dataset_model_R_1525228668756_5_model_0"},"parameters":[{"__meta":{"schema_version":3,"schema_name":"ModelParameterSchemaV3","schema_type":"Iced"},"name":"model_id","label":"model_id","help":"Destination id for this model; auto-generated if not specified.","required":false,"type":"Key<Model>","default_value":null,"actual_value":{"__meta":{"schema_version":3,"schema_name":"ModelKeyV3","schema_type":"Key<Model>"},"name":"Grid_DRF_all.dataset_model_R_1525228668756_5_model_0","type":"Key<Model>","URL":"/3/Models/Grid_DRF_all.dataset_model_R_1525228668756_5_model_0"},"level":"critical","values":[],"is_member_of_frames":[],"is_mutually_exclusive_with":[],"gridable":false},{"__meta":{"schema_version":3,"schema_name":"ModelParameterSchemaV3","schema_type":"Iced"},"name":"training_frame","label":"training_frame","help":"Id of the training data frame.","required":false,"type":"Key<Frame>","default_value":null,"actual_value":{"__meta":{"schema_version":3,"schema_name":"FrameKeyV3","schema_type":"Key<Frame>"},"name":"all.dataset","type":"Key<Frame>","URL":"/3/Frames/all.dataset"},"level":"critical","values":[],"is_member_of_frames":[],"is_mutually_exclusive_with":[],"gridable":false},{"__meta":{"schema_version":3,"schema_name":"ModelParameterSchemaV3","schema_type":"Iced"},"name":"validation_frame","label":"validation_frame","help":"Id of the validation data frame.","required":false,"type":"Key<Frame>","default_value":null,"actual_value":null,"level":"critical","values":[],"is_member_of_frames":[],"is_mutually_exclusive_with":[],"gridable":true},{"__meta":{"schema_version":3,"schema_name":"ModelParameterSchemaV3","schema_type":"Iced"},"name":"nfolds","label":"nfolds","help":"Number of folds for K-fold cross-validation (0 to disable or >= 2).","required":false,"type":"int","default_value":0,"actual_value":5,"level":"critical","values":[],"is_member_of_frames":[],"is_mutually_exclusive_with":[],"gridable":false},{"__meta":{"schema_version":3,"schema_name":"ModelParameterSchemaV3","schema_type":"Iced"},"name":"keep_cross_validation_predictions","label":"keep_cross_validation_predictions","help":"Whether to keep the predictions of the cross-validation models.","required":false,"type":"boolean","default_value":false,"actual_value":true,"level":"expert","values":[],"is_member_of_frames":[],"is_mutually_exclusive_with":[],"gridable":false},{"__meta":{"schema_version":3,"schema_name":"ModelParameterSchemaV3","schema_type":"Iced"},"name":"keep_cross_validation_fold_assignment","label":"keep_cross_validation_fold_assignment","help":"Whether to keep the cross-validation fold assignment.","required":false,"type":"boolean","default_value":false,"actual_value":false,"level":"expert","values":[],"is_member_of_frames":[],"is_mutually_exclusive_with":[],"gridable":false},{"__meta":{"schema_version":3,"schema_name":"ModelParameterSchemaV3","schema_type":"Iced"},"name":"score_each_iteration","label":"score_each_iteration","help":"Whether to score during each iteration of model training.","required":false,"type":"boolean","default_value":false,"actual_value":false,"level":"secondary","values":[],"is_member_of_frames":[],"is_mutually_exclusive_with":[],"gridable":false},{"__meta":{"schema_version":3,"schema_name":"ModelParameterSchemaV3","schema_type":"Iced"},"name":"score_tree_interval","label":"score_tree_interval","help":"Score the model after every so many trees. Disabled if set to 0.","required":false,"type":"int","default_value":0,"actual_value":0,"level":"secondary","values":[],"is_member_of_frames":[],"is_mutually_exclusive_with":[],"gridable":false},{"__meta":{"schema_version":3,"schema_name":"ModelParameterSchemaV3","schema_type":"Iced"},"name":"fold_assignment","label":"fold_assignment","help":"Cross-validation fold assignment scheme, if fold_column is not specified. The 'Stratified' option will stratify the folds based on the response variable, for classification problems.","required":false,"type":"enum","default_value":"AUTO","actual_value":"Modulo","level":"secondary","values":["AUTO","Random","Modulo","Stratified"],"is_member_of_frames":[],"is_mutually_exclusive_with":[],"gridable":true},{"__meta":{"schema_version":3,"schema_name":"ModelParameterSchemaV3","schema_type":"Iced"},"name":"fold_column","label":"fold_column","help":"Column with cross-validation fold index assignment per observation.","required":false,"type":"VecSpecifier","default_value":null,"actual_value":null,"level":"secondary","values":[],"is_member_of_frames":["training_frame"],"is_mutually_exclusive_with":["response_column","weights_column","ignored_columns","offset_column"],"gridable":true},{"__meta":{"schema_version":3,"schema_name":"ModelParameterSchemaV3","schema_type":"Iced"},"name":"response_column","label":"response_column","help":"Response variable column.","required":false,"type":"VecSpecifier","default_value":null,"actual_value":{"__meta":{"schema_version":3,"schema_name":"ColSpecifierV3","schema_type":"VecSpecifier"},"column_name":"Tr","is_member_of_frames":null},"level":"critical","values":[],"is_member_of_frames":["training_frame","validation_frame"],"is_mutually_exclusive_with":["weights_column","ignored_columns","offset_column","fold_column"],"gridable":true},{"__meta":{"schema_version":3,"schema_name":"ModelParameterSchemaV3","schema_type":"Iced"},"name":"ignored_columns","label":"ignored_columns","help":"Names of columns to ignore for training.","required":false,"type":"string[]","default_value":null,"actual_value":["Day","Time_in_degress","Hour","Brooder","Sequence","Piglet","Ts","Ta_brooder","RH_brooder","Tg_brooder","Th_IR","Irradiance"],"level":"critical","values":[],"is_member_of_frames":["training_frame","validation_frame"],"is_mutually_exclusive_with":["response_column","weights_column","offset_column","fold_column"],"gridable":false},{"__meta":{"schema_version":3,"schema_name":"ModelParameterSchemaV3","schema_type":"Iced"},"name":"ignore_const_cols","label":"ignore_const_cols","help":"Ignore constant columns.","required":false,"type":"boolean","default_value":true,"actual_value":true,"level":"critical","values":[],"is_member_of_frames":[],"is_mutually_exclusive_with":[],"gridable":false},{"__meta":{"schema_version":3,"schema_name":"ModelParameterSchemaV3","schema_type":"Iced"},"name":"offset_column","label":"offset_column","help":"Offset column. This will be added to the combination of columns before applying the link function.","required":false,"type":"VecSpecifier","default_value":null,"actual_value":null,"level":"secondary","values":[],"is_member_of_frames":["training_frame","validation_frame"],"is_mutually_exclusive_with":["response_column","weights_column","ignored_columns","fold_column"],"gridable":true},{"__meta":{"schema_version":3,"schema_name":"ModelParameterSchemaV3","schema_type":"Iced"},"name":"weights_column","label":"weights_column","help":"Column with observation weights. Giving some observation a weight of zero is equivalent to excluding it from the dataset; giving an observation a relative weight of 2 is equivalent to repeating that row twice. Negative weights are not allowed. Note: Weights are per-row observation weights and do not increase the size of the data frame. This is typically the number of times a row is repeated, but non-integer values are supported as well. During training, rows with higher weights matter more, due to the larger loss function pre-factor.","required":false,"type":"VecSpecifier","default_value":null,"actual_value":null,"level":"secondary","values":[],"is_member_of_frames":["training_frame","validation_frame"],"is_mutually_exclusive_with":["response_column","ignored_columns","offset_column","fold_column"],"gridable":true},{"__meta":{"schema_version":3,"schema_name":"ModelParameterSchemaV3","schema_type":"Iced"},"name":"balance_classes","label":"balance_classes","help":"Balance training data class counts via over/under-sampling (for imbalanced data).","required":false,"type":"boolean","default_value":false,"actual_value":false,"level":"secondary","values":[],"is_member_of_frames":[],"is_mutually_exclusive_with":[],"gridable":true},{"__meta":{"schema_version":3,"schema_name":"ModelParameterSchemaV3","schema_type":"Iced"},"name":"class_sampling_factors","label":"class_sampling_factors","help":"Desired over/under-sampling ratios per class (in lexicographic order). If not specified, sampling factors will be automatically computed to obtain class balance during training. Requires balance_classes.","required":false,"type":"float[]","default_value":null,"actual_value":null,"level":"expert","values":[],"is_member_of_frames":[],"is_mutually_exclusive_with":[],"gridable":true},{"__meta":{"schema_version":3,"schema_name":"ModelParameterSchemaV3","schema_type":"Iced"},"name":"max_after_balance_size","label":"max_after_balance_size","help":"Maximum relative size of the training data after balancing class counts (can be less than 1.0). Requires balance_classes.","required":false,"type":"float","default_value":5.0,"actual_value":5.0,"level":"expert","values":[],"is_member_of_frames":[],"is_mutually_exclusive_with":[],"gridable":true},{"__meta":{"schema_version":3,"schema_name":"ModelParameterSchemaV3","schema_type":"Iced"},"name":"max_confusion_matrix_size","label":"max_confusion_matrix_size","help":"[Deprecated] Maximum size (# classes) for confusion matrices to be printed in the Logs","required":false,"type":"int","default_value":20,"actual_value":20,"level":"secondary","values":[],"is_member_of_frames":[],"is_mutually_exclusive_with":[],"gridable":false},{"__meta":{"schema_version":3,"schema_name":"ModelParameterSchemaV3","schema_type":"Iced"},"name":"max_hit_ratio_k","label":"max_hit_ratio_k","help":"Max. number (top K) of predictions to use for hit ratio computation (for multi-class only, 0 to disable)","required":false,"type":"int","default_value":0,"actual_value":0,"level":"secondary","values":[],"is_member_of_frames":[],"is_mutually_exclusive_with":[],"gridable":false},{"__meta":{"schema_version":3,"schema_name":"ModelParameterSchemaV3","schema_type":"Iced"},"name":"ntrees","label":"ntrees","help":"Number of trees.","required":false,"type":"int","default_value":50,"actual_value":83,"level":"critical","values":[],"is_member_of_frames":[],"is_mutually_exclusive_with":[],"gridable":true},{"__meta":{"schema_version":3,"schema_name":"ModelParameterSchemaV3","schema_type":"Iced"},"name":"max_depth","label":"max_depth","help":"Maximum tree depth.","required":false,"type":"int","default_value":20,"actual_value":78,"level":"critical","values":[],"is_member_of_frames":[],"is_mutually_exclusive_with":[],"gridable":true},{"__meta":{"schema_version":3,"schema_name":"ModelParameterSchemaV3","schema_type":"Iced"},"name":"min_rows","label":"min_rows","help":"Fewest allowed (weighted) observations in a leaf.","required":false,"type":"double","default_value":1.0,"actual_value":2.0,"level":"critical","values":[],"is_member_of_frames":[],"is_mutually_exclusive_with":[],"gridable":true},{"__meta":{"schema_version":3,"schema_name":"ModelParameterSchemaV3","schema_type":"Iced"},"name":"nbins","label":"nbins","help":"For numerical columns (real/int), build a histogram of (at least) this many bins, then split at the best point","required":false,"type":"int","default_value":20,"actual_value":20,"level":"critical","values":[],"is_member_of_frames":[],"is_mutually_exclusive_with":[],"gridable":true},{"__meta":{"schema_version":3,"schema_name":"ModelParameterSchemaV3","schema_type":"Iced"},"name":"nbins_top_level","label":"nbins_top_level","help":"For numerical columns (real/int), build a histogram of (at most) this many bins at the root level, then decrease by factor of two per level","required":false,"type":"int","default_value":1024,"actual_value":1024,"level":"secondary","values":[],"is_member_of_frames":[],"is_mutually_exclusive_with":[],"gridable":true},{"__meta":{"schema_version":3,"schema_name":"ModelParameterSchemaV3","schema_type":"Iced"},"name":"nbins_cats","label":"nbins_cats","help":"For categorical columns (factors), build a histogram of this many bins, then split at the best point. Higher values can lead to more overfitting.","required":false,"type":"int","default_value":1024,"actual_value":1024,"level":"secondary","values":[],"is_member_of_frames":[],"is_mutually_exclusive_with":[],"gridable":true},{"__meta":{"schema_version":3,"schema_name":"ModelParameterSchemaV3","schema_type":"Iced"},"name":"r2_stopping","label":"r2_stopping","help":"r2_stopping is no longer supported and will be ignored if set - please use stopping_rounds, stopping_metric and stopping_tolerance instead. Previous version of H2O would stop making trees when the R^2 metric equals or exceeds this","required":false,"type":"double","default_value":1.7976931348623157E308,"actual_value":1.7976931348623157E308,"level":"secondary","values":[],"is_member_of_frames":[],"is_mutually_exclusive_with":[],"gridable":true},{"__meta":{"schema_version":3,"schema_name":"ModelParameterSchemaV3","schema_type":"Iced"},"name":"stopping_rounds","label":"stopping_rounds","help":"Early stopping based on convergence of stopping_metric. Stop if simple moving average of length k of the stopping_metric does not improve for k:=stopping_rounds scoring events (0 to disable)","required":false,"type":"int","default_value":0,"actual_value":0,"level":"secondary","values":[],"is_member_of_frames":[],"is_mutually_exclusive_with":[],"gridable":true},{"__meta":{"schema_version":3,"schema_name":"ModelParameterSchemaV3","schema_type":"Iced"},"name":"stopping_metric","label":"stopping_metric","help":"Metric to use for early stopping (AUTO: logloss for classification, deviance for regression)","required":false,"type":"enum","default_value":"AUTO","actual_value":"AUTO","level":"secondary","values":["AUTO","deviance","logloss","MSE","RMSE","MAE","RMSLE","AUC","lift_top_group","misclassification","mean_per_class_error"],"is_member_of_frames":[],"is_mutually_exclusive_with":[],"gridable":true},{"__meta":{"schema_version":3,"schema_name":"ModelParameterSchemaV3","schema_type":"Iced"},"name":"stopping_tolerance","label":"stopping_tolerance","help":"Relative tolerance for metric-based stopping criterion (stop if relative improvement is not at least this much)","required":false,"type":"double","default_value":0.001,"actual_value":0.001,"level":"secondary","values":[],"is_member_of_frames":[],"is_mutually_exclusive_with":[],"gridable":true},{"__meta":{"schema_version":3,"schema_name":"ModelParameterSchemaV3","schema_type":"Iced"},"name":"max_runtime_secs","label":"max_runtime_secs","help":"Maximum allowed runtime in seconds for model training. Use 0 to disable.","required":false,"type":"double","default_value":0.0,"actual_value":0.0,"level":"secondary","values":[],"is_member_of_frames":[],"is_mutually_exclusive_with":[],"gridable":true},{"__meta":{"schema_version":3,"schema_name":"ModelParameterSchemaV3","schema_type":"Iced"},"name":"seed","label":"seed","help":"Seed for pseudo random number generator (if applicable)","required":false,"type":"long","default_value":-1,"actual_value":49,"level":"critical","values":[],"is_member_of_frames":[],"is_mutually_exclusive_with":[],"gridable":true},{"__meta":{"schema_version":3,"schema_name":"ModelParameterSchemaV3","schema_type":"Iced"},"name":"build_tree_one_node","label":"build_tree_one_node","help":"Run on one node only; no network overhead but fewer cpus used.  Suitable for small datasets.","required":false,"type":"boolean","default_value":false,"actual_value":false,"level":"expert","values":[],"is_member_of_frames":[],"is_mutually_exclusive_with":[],"gridable":false},{"__meta":{"schema_version":3,"schema_name":"ModelParameterSchemaV3","schema_type":"Iced"},"name":"mtries","label":"mtries","help":"Number of variables randomly sampled as candidates at each split. If set to -1, defaults to sqrt{p} for classification and p/3 for regression (where p is the # of predictors","required":false,"type":"int","default_value":-1,"actual_value":1,"level":"critical","values":[],"is_member_of_frames":[],"is_mutually_exclusive_with":[],"gridable":true},{"__meta":{"schema_version":3,"schema_name":"ModelParameterSchemaV3","schema_type":"Iced"},"name":"sample_rate","label":"sample_rate","help":"Row sample rate per tree (from 0.0 to 1.0)","required":false,"type":"double","default_value":0.6320000290870667,"actual_value":0.6320000290870667,"level":"critical","values":[],"is_member_of_frames":[],"is_mutually_exclusive_with":[],"gridable":true},{"__meta":{"schema_version":3,"schema_name":"ModelParameterSchemaV3","schema_type":"Iced"},"name":"sample_rate_per_class","label":"sample_rate_per_class","help":"A list of row sample rates per class (relative fraction for each class, from 0.0 to 1.0), for each tree","required":false,"type":"double[]","default_value":null,"actual_value":null,"level":"expert","values":[],"is_member_of_frames":[],"is_mutually_exclusive_with":[],"gridable":true},{"__meta":{"schema_version":3,"schema_name":"ModelParameterSchemaV3","schema_type":"Iced"},"name":"binomial_double_trees","label":"binomial_double_trees","help":"For binary classification: Build 2x as many trees (one per class) - can lead to higher accuracy.","required":false,"type":"boolean","default_value":false,"actual_value":false,"level":"expert","values":[],"is_member_of_frames":[],"is_mutually_exclusive_with":[],"gridable":false},{"__meta":{"schema_version":3,"schema_name":"ModelParameterSchemaV3","schema_type":"Iced"},"name":"checkpoint","label":"checkpoint","help":"Model checkpoint to resume training with.","required":false,"type":"Key<Model>","default_value":null,"actual_value":null,"level":"secondary","values":[],"is_member_of_frames":[],"is_mutually_exclusive_with":[],"gridable":false},{"__meta":{"schema_version":3,"schema_name":"ModelParameterSchemaV3","schema_type":"Iced"},"name":"col_sample_rate_change_per_level","label":"col_sample_rate_change_per_level","help":"Relative change of the column sampling rate for every level (from 0.0 to 2.0)","required":false,"type":"double","default_value":1.0,"actual_value":1.0,"level":"expert","values":[],"is_member_of_frames":[],"is_mutually_exclusive_with":[],"gridable":true},{"__meta":{"schema_version":3,"schema_name":"ModelParameterSchemaV3","schema_type":"Iced"},"name":"col_sample_rate_per_tree","label":"col_sample_rate_per_tree","help":"Column sample rate per tree (from 0.0 to 1.0)","required":false,"type":"double","default_value":1.0,"actual_value":1.0,"level":"secondary","values":[],"is_member_of_frames":[],"is_mutually_exclusive_with":[],"gridable":true},{"__meta":{"schema_version":3,"schema_name":"ModelParameterSchemaV3","schema_type":"Iced"},"name":"min_split_improvement","label":"min_split_improvement","help":"Minimum relative improvement in squared error reduction for a split to happen","required":false,"type":"double","default_value":1.0E-5,"actual_value":1.0E-5,"level":"secondary","values":[],"is_member_of_frames":[],"is_mutually_exclusive_with":[],"gridable":true},{"__meta":{"schema_version":3,"schema_name":"ModelParameterSchemaV3","schema_type":"Iced"},"name":"histogram_type","label":"histogram_type","help":"What type of histogram to use for finding optimal split points","required":false,"type":"enum","default_value":"AUTO","actual_value":"AUTO","level":"secondary","values":["AUTO","UniformAdaptive","Random","QuantilesGlobal","RoundRobin"],"is_member_of_frames":[],"is_mutually_exclusive_with":[],"gridable":true},{"__meta":{"schema_version":3,"schema_name":"ModelParameterSchemaV3","schema_type":"Iced"},"name":"categorical_encoding","label":"categorical_encoding","help":"Encoding scheme for categorical features","required":false,"type":"enum","default_value":"AUTO","actual_value":"AUTO","level":"secondary","values":["AUTO","Enum","OneHotInternal","OneHotExplicit","Binary","Eigen","LabelEncoder","SortByResponse","EnumLimited"],"is_member_of_frames":[],"is_mutually_exclusive_with":[],"gridable":true},{"__meta":{"schema_version":3,"schema_name":"ModelParameterSchemaV3","schema_type":"Iced"},"name":"calibrate_model","label":"calibrate_model","help":"Use Platt Scaling to calculate calibrated class probabilities. Calibration can provide more accurate estimates of class probabilities.","required":false,"type":"boolean","default_value":false,"actual_value":false,"level":"expert","values":[],"is_member_of_frames":[],"is_mutually_exclusive_with":[],"gridable":false},{"__meta":{"schema_version":3,"schema_name":"ModelParameterSchemaV3","schema_type":"Iced"},"name":"calibration_frame","label":"calibration_frame","help":"Calibration frame for Platt Scaling","required":false,"type":"Key<Frame>","default_value":null,"actual_value":null,"level":"expert","values":[],"is_member_of_frames":[],"is_mutually_exclusive_with":[],"gridable":false},{"__meta":{"schema_version":3,"schema_name":"ModelParameterSchemaV3","schema_type":"Iced"},"name":"distribution","label":"distribution","help":"Distribution function","required":false,"type":"enum","default_value":"AUTO","actual_value":"gaussian","level":"secondary","values":["AUTO","bernoulli","multinomial","gaussian","poisson","gamma","tweedie","laplace","quantile","huber"],"is_member_of_frames":[],"is_mutually_exclusive_with":[],"gridable":true},{"__meta":{"schema_version":3,"schema_name":"ModelParameterSchemaV3","schema_type":"Iced"},"name":"custom_metric_func","label":"custom_metric_func","help":"Reference to custom evaluation function, format: `language:keyName=funcName`","required":false,"type":"string","default_value":null,"actual_value":null,"level":"secondary","values":[],"is_member_of_frames":[],"is_mutually_exclusive_with":[],"gridable":false}],"output":{"__meta":{"schema_version":3,"schema_name":"DRFModelOutputV3","schema_type":"DRFOutput"},"names":["Heat_source_power","Ta_pen","Tr"],"domains":[null,null,null],"cross_validation_models":[{"__meta":{"schema_version":3,"schema_name":"ModelKeyV3","schema_type":"Key<Model>"},"name":"Grid_DRF_all.dataset_model_R_1525228668756_5_model_0_cv_1","type":"Key<Model>","URL":"/3/Models/Grid_DRF_all.dataset_model_R_1525228668756_5_model_0_cv_1"},{"__meta":{"schema_version":3,"schema_name":"ModelKeyV3","schema_type":"Key<Model>"},"name":"Grid_DRF_all.dataset_model_R_1525228668756_5_model_0_cv_2","type":"Key<Model>","URL":"/3/Models/Grid_DRF_all.dataset_model_R_1525228668756_5_model_0_cv_2"},{"__meta":{"schema_version":3,"schema_name":"ModelKeyV3","schema_type":"Key<Model>"},"name":"Grid_DRF_all.dataset_model_R_1525228668756_5_model_0_cv_3","type":"Key<Model>","URL":"/3/Models/Grid_DRF_all.dataset_model_R_1525228668756_5_model_0_cv_3"},{"__meta":{"schema_version":3,"schema_name":"ModelKeyV3","schema_type":"Key<Model>"},"name":"Grid_DRF_all.dataset_model_R_1525228668756_5_model_0_cv_4","type":"Key<Model>","URL":"/3/Models/Grid_DRF_all.dataset_model_R_1525228668756_5_model_0_cv_4"},{"__meta":{"schema_version":3,"schema_name":"ModelKeyV3","schema_type":"Key<Model>"},"name":"Grid_DRF_all.dataset_model_R_1525228668756_5_model_0_cv_5","type":"Key<Model>","URL":"/3/Models/Grid_DRF_all.dataset_model_R_1525228668756_5_model_0_cv_5"}],"cross_validation_predictions":[{"__meta":{"schema_version":3,"schema_name":"FrameKeyV3","schema_type":"Key<Frame>"},"name":"prediction_Grid_DRF_all.dataset_model_R_1525228668756_5_model_0_cv_1","type":"Key<Frame>","URL":"/3/Frames/prediction_Grid_DRF_all.dataset_model_R_1525228668756_5_model_0_cv_1"},{"__meta":{"schema_version":3,"schema_name":"FrameKeyV3","schema_type":"Key<Frame>"},"name":"prediction_Grid_DRF_all.dataset_model_R_1525228668756_5_model_0_cv_2","type":"Key<Frame>","URL":"/3/Frames/prediction_Grid_DRF_all.dataset_model_R_1525228668756_5_model_0_cv_2"},{"__meta":{"schema_version":3,"schema_name":"FrameKeyV3","schema_type":"Key<Frame>"},"name":"prediction_Grid_DRF_all.dataset_model_R_1525228668756_5_model_0_cv_3","type":"Key<Frame>","URL":"/3/Frames/prediction_Grid_DRF_all.dataset_model_R_1525228668756_5_model_0_cv_3"},{"__meta":{"schema_version":3,"schema_name":"FrameKeyV3","schema_type":"Key<Frame>"},"name":"prediction_Grid_DRF_all.dataset_model_R_1525228668756_5_model_0_cv_4","type":"Key<Frame>","URL":"/3/Frames/prediction_Grid_DRF_all.dataset_model_R_1525228668756_5_model_0_cv_4"},{"__meta":{"schema_version":3,"schema_name":"FrameKeyV3","schema_type":"Key<Frame>"},"name":"prediction_Grid_DRF_all.dataset_model_R_1525228668756_5_model_0_cv_5","type":"Key<Frame>","URL":"/3/Frames/prediction_Grid_DRF_all.dataset_model_R_1525228668756_5_model_0_cv_5"}],"cross_validation_holdout_predictions_frame_id":{"__meta":{"schema_version":3,"schema_name":"FrameKeyV3","schema_type":"Key<Frame>"},"name":"cv_holdout_prediction_Grid_DRF_all.dataset_model_R_1525228668756_5_model_0","type":"Key<Frame>","URL":"/3/Frames/cv_holdout_prediction_Grid_DRF_all.dataset_model_R_1525228668756_5_model_0"},"cross_validation_fold_assignment_frame_id":null,"model_category":"Regression","model_summary":{"__meta":{"schema_version":3,"schema_name":"TwoDimTableV3","schema_type":"TwoDimTable"},"name":"Model Summary","description":"","columns":[{"__meta":{"schema_version":-1,"schema_name":"ColumnSpecsBase","schema_type":"Iced"},"name":"","type":"string","format":"%s","description":""},{"__meta":{"schema_version":-1,"schema_name":"ColumnSpecsBase","schema_type":"Iced"},"name":"number_of_trees","type":"long","format":"%d","description":"Number of Trees"},{"__meta":{"schema_version":-1,"schema_name":"ColumnSpecsBase","schema_type":"Iced"},"name":"number_of_internal_trees","type":"long","format":"%d","description":"Number of Internal Trees"},{"__meta":{"schema_version":-1,"schema_name":"ColumnSpecsBase","schema_type":"Iced"},"name":"model_size_in_bytes","type":"long","format":"%d","description":"Model Size in Bytes"},{"__meta":{"schema_version":-1,"schema_name":"ColumnSpecsBase","schema_type":"Iced"},"name":"min_depth","type":"long","format":"%d","description":"Min. Depth"},{"__meta":{"schema_version":-1,"schema_name":"ColumnSpecsBase","schema_type":"Iced"},"name":"max_depth","type":"long","format":"%d","description":"Max. Depth"},{"__meta":{"schema_version":-1,"schema_name":"ColumnSpecsBase","schema_type":"Iced"},"name":"mean_depth","type":"double","format":"%.5f","description":"Mean Depth"},{"__meta":{"schema_version":-1,"schema_name":"ColumnSpecsBase","schema_type":"Iced"},"name":"min_leaves","type":"long","format":"%d","description":"Min. Leaves"},{"__meta":{"schema_version":-1,"schema_name":"ColumnSpecsBase","schema_type":"Iced"},"name":"max_leaves","type":"long","format":"%d","description":"Max. Leaves"},{"__meta":{"schema_version":-1,"schema_name":"ColumnSpecsBase","schema_type":"Iced"},"name":"mean_leaves","type":"double","format":"%.5f","description":"Mean Leaves"}],"rowcount":1,"data":[[""],[83],[83],[30950],[5],[11],[8.228915],[6],[41],[24.698795]]},"scoring_history":{"__meta":{"schema_version":3,"schema_name":"TwoDimTableV3","schema_type":"TwoDimTable"},"name":"Scoring History","description":"","columns":[{"__meta":{"schema_version":-1,"schema_name":"ColumnSpecsBase","schema_type":"Iced"},"name":"","type":"string","format":"%s","description":""},{"__meta":{"schema_version":-1,"schema_name":"ColumnSpecsBase","schema_type":"Iced"},"name":"timestamp","type":"string","format":"%s","description":"Timestamp"},{"__meta":{"schema_version":-1,"schema_name":"ColumnSpecsBase","schema_type":"Iced"},"name":"duration","type":"string","format":"%s","description":"Duration"},{"__meta":{"schema_version":-1,"schema_name":"ColumnSpecsBase","schema_type":"Iced"},"name":"number_of_trees","type":"long","format":"%d","description":"Number of Trees"},{"__meta":{"schema_version":-1,"schema_name":"ColumnSpecsBase","schema_type":"Iced"},"name":"training_rmse","type":"double","format":"%.5f","description":"Training RMSE"},{"__meta":{"schema_version":-1,"schema_name":"ColumnSpecsBase","schema_type":"Iced"},"name":"training_mae","type":"double","format":"%.5f","description":"Training MAE"},{"__meta":{"schema_version":-1,"schema_name":"ColumnSpecsBase","schema_type":"Iced"},"name":"training_deviance","type":"double","format":"%.5f","description":"Training Deviance"}],"rowcount":84,"data":[["","","","","","","","","","","","","","","","","","","","","","","","","","","","","","","","","","","","","","","","","","","","","","","","","","","","","","","","","","","","","","","","","","","","","","","","","","","","","","","","","","","",""],["2018-05-01 22:42:55","2018-05-01 22:42:55","2018-05-01 22:42:55","2018-05-01 22:42:55","2018-05-01 22:42:55","2018-05-01 22:42:55","2018-05-01 22:42:55","2018-05-01 22:42:55","2018-05-01 22:42:55","2018-05-01 22:42:55","2018-05-01 22:42:55","2018-05-01 22:42:55","2018-05-01 22:42:55","2018-05-01 22:42:55","2018-05-01 22:42:55","2018-05-01 22:42:55","2018-05-01 22:42:55","2018-05-01 22:42:55","2018-05-01 22:42:55","2018-05-01 22:42:55","2018-05-01 22:42:55","2018-05-01 22:42:55","2018-05-01 22:42:55","2018-05-01 22:42:55","2018-05-01 22:42:55","2018-05-01 22:42:55","2018-05-01 22:42:55","2018-05-01 22:42:55","2018-05-01 22:42:55","2018-05-01 22:42:55","2018-05-01 22:42:55","2018-05-01 22:42:55","2018-05-01 22:42:55","2018-05-01 22:42:55","2018-05-01 22:42:55","2018-05-01 22:42:55","2018-05-01 22:42:55","2018-05-01 22:42:55","2018-05-01 22:42:55","2018-05-01 22:42:55","2018-05-01 22:42:55","2018-05-01 22:42:55","2018-05-01 22:42:55","2018-05-01 22:42:55","2018-05-01 22:42:55","2018-05-01 22:42:55","2018-05-01 22:42:55","2018-05-01 22:42:55","2018-05-01 22:42:55","2018-05-01 22:42:55","2018-05-01 22:42:55","2018-05-01 22:42:55","2018-05-01 22:42:55","2018-05-01 22:42:55","2018-05-01 22:42:55","2018-05-01 22:42:55","2018-05-01 22:42:55","2018-05-01 22:42:55","2018-05-01 22:42:55","2018-05-01 22:42:55","2018-05-01 22:42:55","2018-05-01 22:42:55","2018-05-01 22:42:55","2018-05-01 22:42:55","2018-05-01 22:42:55","2018-05-01 22:42:55","2018-05-01 22:42:55","2018-05-01 22:42:55","2018-05-01 22:42:55","2018-05-01 22:42:55","2018-05-01 22:42:55","2018-05-01 22:42:55","2018-05-01 22:42:55","2018-05-01 22:42:55","2018-05-01 22:42:55","2018-05-01 22:42:55","2018-05-01 22:42:55","2018-05-01 22:42:55","2018-05-01 22:42:55","2018-05-01 22:42:55","2018-05-01 22:42:55","2018-05-01 22:42:55","2018-05-01 22:42:55","2018-05-01 22:42:55"],[" 0.360 sec"," 0.362 sec"," 0.363 sec"," 0.364 sec"," 0.365 sec"," 0.366 sec"," 0.367 sec"," 0.368 sec"," 0.369 sec"," 0.370 sec"," 0.372 sec"," 0.373 sec"," 0.374 sec"," 0.375 sec"," 0.376 sec"," 0.378 sec"," 0.379 sec"," 0.380 sec"," 0.381 sec"," 0.383 sec"," 0.384 sec"," 0.386 sec"," 0.387 sec"," 0.388 sec"," 0.390 sec"," 0.391 sec"," 0.393 sec"," 0.394 sec"," 0.395 sec"," 0.397 sec"," 0.398 sec"," 0.399 sec"," 0.401 sec"," 0.402 sec"," 0.404 sec"," 0.405 sec"," 0.407 sec"," 0.408 sec"," 0.410 sec"," 0.412 sec"," 0.413 sec"," 0.415 sec"," 0.417 sec"," 0.418 sec"," 0.420 sec"," 0.422 sec"," 0.423 sec"," 0.425 sec"," 0.426 sec"," 0.428 sec"," 0.430 sec"," 0.432 sec"," 0.434 sec"," 0.435 sec"," 0.437 sec"," 0.439 sec"," 0.440 sec"," 0.442 sec"," 0.444 sec"," 0.445 sec"," 0.448 sec"," 0.449 sec"," 0.451 sec"," 0.452 sec"," 0.454 sec"," 0.456 sec"," 0.457 sec"," 0.459 sec"," 0.460 sec"," 0.462 sec"," 0.464 sec"," 0.466 sec"," 0.468 sec"," 0.469 sec"," 0.471 sec"," 0.473 sec"," 0.474 sec"," 0.476 sec"," 0.478 sec"," 0.480 sec"," 0.482 sec"," 0.484 sec"," 0.486 sec"," 0.487 sec"],[0,1,2,3,4,5,6,7,8,9,10,11,12,13,14,15,16,17,18,19,20,21,22,23,24,25,26,27,28,29,30,31,32,33,34,35,36,37,38,39,40,41,42,43,44,45,46,47,48,49,50,51,52,53,54,55,56,57,58,59,60,61,62,63,64,65,66,67,68,69,70,71,72,73,74,75,76,77,78,79,80,81,82,83],["NaN",0.5766688522901734,0.6174872874904758,0.5726867075498838,0.5401731152899009,0.5654092479837891,0.5549666451924103,0.5473527159109777,0.5395566916648428,0.540303733171555,0.5353374457743731,0.5348752001114981,0.5363547640041967,0.5384195300712328,0.5329546749920978,0.5319455949298688,0.5318634407292363,0.5277026908359098,0.5300542884244615,0.5261350257398772,0.5246520890670727,0.5268593884806897,0.5257362340884597,0.5265648745470884,0.5227833590589018,0.5215450705696476,0.5231477855602465,0.5229884651928479,0.521737929739554,0.5228345212712069,0.5245687364372905,0.5247394439308369,0.5244749577941884,0.5214252581410943,0.5214669209817155,0.5221165408667103,0.5213162694198602,0.5214942270854974,0.5208554205735679,0.519939683171574,0.52053757673581,0.5206803471512976,0.5213642075066138,0.5229735333189834,0.5227195556065845,0.5221963416677472,0.5226009290880514,0.522797107295791,0.5224199223286217,0.5208407978427669,0.5212958268116186,0.5203832469231339,0.5189294751781127,0.5195341013241901,0.5195491135799352,0.519725163185796,0.5184658994008556,0.5181856950850922,0.5180680421424332,0.5184079173096323,0.5176247767907161,0.5168458213945389,0.5168905989279728,0.5170813590009653,0.5165458397048877,0.516826019113183,0.5170243901120954,0.517016856744629,0.5168317234082498,0.5167375085116662,0.5179551031278357,0.5164859895060189,0.5159845575002446,0.5165720189086842,0.5167053418700744,0.517041723747222,0.5175042000348318,0.5169532480404997,0.5167534764961691,0.5160587345008381,0.5165215503085253,0.516619389602228,0.5161746248071469,0.5164052827070283],["NaN",0.453284779533011,0.4867421689240829,0.44593923742120917,0.4194761196245947,0.4387713665943069,0.42685040822104814,0.4183492596567971,0.4159804455157096,0.4162765629017721,0.4144647963683338,0.4152622619296581,0.41241118929930926,0.41249386811001154,0.4127441948056711,0.4099861257720925,0.40816664243796646,0.4050734767896795,0.4071764659465565,0.4021618167530471,0.4005143849616171,0.4042490200167778,0.4023003787186962,0.40231045931157094,0.401098963169111,0.40021744035620094,0.3999531856883439,0.3992862749170806,0.3974449063737456,0.3971393227737772,0.39869410391592036,0.3985652808845768,0.3987137694643727,0.39731340641925045,0.39671036852894137,0.39611621277882103,0.39530878471466285,0.3954994071928997,0.39448621372076736,0.39363792135540504,0.3938256025701776,0.39230194883763086,0.3924892321755572,0.3941184489597231,0.3936138392179339,0.39349066383988596,0.3941432066690965,0.39450775426771684,0.39398812806625794,0.39286791303167756,0.39374641272419497,0.3924204373932903,0.39159927065829087,0.39199193896212253,0.39251440987470654,0.3920678307905044,0.3903068123398191,0.38927398988237927,0.38940543009376316,0.3894447387856249,0.38919959265281195,0.38905528385937793,0.3888985082735061,0.3893537921081816,0.38911359780362187,0.38940076326368084,0.3898945624865087,0.38962994160360664,0.38975145603126504,0.38958526900048396,0.3902711704314851,0.38887812649074355,0.38896367646840707,0.38936005569056226,0.38940061753851096,0.389742322666843,0.3897924391401408,0.38990473352071103,0.3890873583793945,0.38847197368368624,0.38907844704607625,0.3891151064585513,0.3885519942227912,0.3889697382514732],["NaN",0.3325469652016659,0.3812905502123454,0.32797006500432613,0.2917869944819966,0.31968761770559395,0.3079879772761187,0.2995949956151235,0.29112142352031023,0.29192812407911894,0.28658618084822995,0.28609147969431514,0.2876764328699975,0.2898955903621271,0.28404068559593265,0.2829661159652921,0.28287871958434185,0.2784701299154598,0.28095754867716216,0.2768180653103013,0.27525981456244364,0.2775808152302463,0.27639858783351573,0.277270567106791,0.2733024405089086,0.2720092606354987,0.27368360553658966,0.27351693472477073,0.2722104673289158,0.2733559366328921,0.27517235924741557,0.27535148401684395,0.27507398135321576,0.27188429982750684,0.2719277496781508,0.27260568224661924,0.2717706527618403,0.2719562288835004,0.2712903691408683,0.2703372741365568,0.27095936879398935,0.27110802390959576,0.2718206368689995,0.2735013165521419,0.2732357338135451,0.27268901925117855,0.27311173108369463,0.27331681539684677,0.27292257524584307,0.27127513669749004,0.271749339051209,0.2707987236782633,0.26928780020863147,0.26991568243873376,0.26993128142169637,0.27011424524850225,0.26880688884153814,0.2685164145908201,0.26839449628929396,0.2687467687293106,0.26793540954763867,0.2671296030929956,0.2671758912601185,0.26737313182628514,0.26681960451642744,0.2671091340323803,0.2673142199707843,0.26730643015809624,0.26711503032114164,0.26701765270284433,0.26827748885616687,0.2667577773560114,0.2662400635787232,0.26684665071939395,0.2669844103170705,0.2673321440954986,0.2678105970536912,0.2672406606596224,0.2670341554708768,0.26631661745460644,0.2667945119331224,0.2668955937129786,0.2664362432947989,0.26667441600772585]]},"training_metrics":{"__meta":{"schema_version":3,"schema_name":"ModelMetricsRegressionV3","schema_type":"ModelMetricsRegression"},"model":{"__meta":{"schema_version":3,"schema_name":"ModelKeyV3","schema_type":"Key<Model>"},"name":"Grid_DRF_all.dataset_model_R_1525228668756_5_model_0","type":"Key<Model>","URL":"/3/Models/Grid_DRF_all.dataset_model_R_1525228668756_5_model_0"},"model_checksum":738811992143684130,"frame":{"__meta":{"schema_version":3,"schema_name":"FrameKeyV3","schema_type":"Key<Frame>"},"name":"all.dataset","type":"Key<Frame>","URL":"/3/Frames/all.dataset"},"frame_checksum":5670609170868312293,"description":"Metrics reported on Out-Of-Bag training samples","model_category":"Regression","scoring_time":1525228975890,"predictions":null,"MSE":0.26667441600772585,"RMSE":0.5164052827070283,"nobs":173,"custom_metric_name":null,"custom_metric_value":0.0,"r2":0.33955880882716516,"mean_residual_deviance":0.26667441600772585,"mae":0.3889697382514732,"rmsle":0.013310774783497034},"validation_metrics":null,"cross_validation_metrics":{"__meta":{"schema_version":3,"schema_name":"ModelMetricsRegressionV3","schema_type":"ModelMetricsRegression"},"model":{"__meta":{"schema_version":3,"schema_name":"ModelKeyV3","schema_type":"Key<Model>"},"name":"Grid_DRF_all.dataset_model_R_1525228668756_5_model_0","type":"Key<Model>","URL":"/3/Models/Grid_DRF_all.dataset_model_R_1525228668756_5_model_0"},"model_checksum":738811992143684130,"frame":{"__meta":{"schema_version":3,"schema_name":"FrameKeyV3","schema_type":"Key<Frame>"},"name":"all.dataset","type":"Key<Frame>","URL":"/3/Frames/all.dataset"},"frame_checksum":5670609170868312293,"description":"5-fold cross-validation on training data (Metrics computed for combined holdout predictions)","model_category":"Regression","scoring_time":1525228975892,"predictions":null,"MSE":0.2790166573546538,"RMSE":0.5282202735172646,"nobs":173,"custom_metric_name":null,"custom_metric_value":0.0,"r2":0.30899222993565545,"mean_residual_deviance":0.2790166573546538,"mae":0.3995634052811395,"rmsle":0.013615981723367617},"cross_validation_metrics_summary":{"__meta":{"schema_version":3,"schema_name":"TwoDimTableV3","schema_type":"TwoDimTable"},"name":"Cross-Validation Metrics Summary","description":"","columns":[{"__meta":{"schema_version":-1,"schema_name":"ColumnSpecsBase","schema_type":"Iced"},"name":"","type":"string","format":"%s","description":""},{"__meta":{"schema_version":-1,"schema_name":"ColumnSpecsBase","schema_type":"Iced"},"name":"mean","type":"string","format":"%s","description":"mean"},{"__meta":{"schema_version":-1,"schema_name":"ColumnSpecsBase","schema_type":"Iced"},"name":"sd","type":"string","format":"%s","description":"sd"},{"__meta":{"schema_version":-1,"schema_name":"ColumnSpecsBase","schema_type":"Iced"},"name":"cv_1_valid","type":"string","format":"%s","description":"cv_1_valid"},{"__meta":{"schema_version":-1,"schema_name":"ColumnSpecsBase","schema_type":"Iced"},"name":"cv_2_valid","type":"string","format":"%s","description":"cv_2_valid"},{"__meta":{"schema_version":-1,"schema_name":"ColumnSpecsBase","schema_type":"Iced"},"name":"cv_3_valid","type":"string","format":"%s","description":"cv_3_valid"},{"__meta":{"schema_version":-1,"schema_name":"ColumnSpecsBase","schema_type":"Iced"},"name":"cv_4_valid","type":"string","format":"%s","description":"cv_4_valid"},{"__meta":{"schema_version":-1,"schema_name":"ColumnSpecsBase","schema_type":"Iced"},"name":"cv_5_valid","type":"string","format":"%s","description":"cv_5_valid"}],"rowcount":7,"data":[["mae","mean_residual_deviance","mse","r2","residual_deviance","rmse","rmsle"],["0.39953703","0.27863225","0.27863225","0.25801653","0.27863225","0.5263699","0.013568433"],["0.011369115","0.030242598","0.030242598","0.10464528","0.030242598","0.027990825","7.1585237E-4"],["0.37270474","0.24638975","0.24638975","0.319968","0.24638975","0.49637663","0.012851069"],["0.42098013","0.35058054","0.35058054","0.3506957","0.35058054","0.5920984","0.01516178"],["0.4094879","0.30542654","0.30542654","0.39009225","0.30542654","0.5526541","0.01437574"],["0.3985535","0.24607247","0.24607247","0.25347015","0.24607247","0.4960569","0.0127629"],["0.3959589","0.24469203","0.24469203","-0.024143495","0.24469203","0.49466354","0.012690677"]]},"status":null,"start_time":1525228975762,"end_time":1525228975891,"run_time":129,"help":{"validation_metrics":"Validation data model metrics", "cross_validation_metrics_summary":"Cross-validation model metrics summary", "run_time":"Runtime in milliseconds", "status":"Job status", "domains":"Domains for categorical columns", "model_category":"Category of the model (e.g., Binomial)", "__meta":"Metadata on this schema instance, to make it self-describing.", "variable_importances":"Variable Importances", "model_summary":"Model summary", "scoring_history":"Scoring history", "help":"Help information for output fields", "end_time":"End time in milliseconds", "names":"Column names", "cross_validation_fold_assignment_frame_id":"Cross-validation fold assignment (each row is assigned to one holdout fold)", "start_time":"Start time in milliseconds", "training_metrics":"Training data model metrics", "cross_validation_models":"Cross-validation models (model ids)", "cross_validation_metrics":"Cross-validation model metrics", "cross_validation_predictions":"Cross-validation predictions, one per cv model (deprecated, use cross_validation_holdout_predictions_frame_id instead)", "init_f":"The Intercept term, the initial model function value to which trees make adjustments", "cross_validation_holdout_predictions_frame_id":"Cross-validation holdout predictions (full out-of-sample predictions on training data)"},"variable_importances":{"__meta":{"schema_version":3,"schema_name":"TwoDimTableV3","schema_type":"TwoDimTable"},"name":"Variable Importances","description":"","columns":[{"__meta":{"schema_version":-1,"schema_name":"ColumnSpecsBase","schema_type":"Iced"},"name":"variable","type":"string","format":"%s","description":"Variable"},{"__meta":{"schema_version":-1,"schema_name":"ColumnSpecsBase","schema_type":"Iced"},"name":"relative_importance","type":"double","format":"%5f","description":"Relative Importance"},{"__meta":{"schema_version":-1,"schema_name":"ColumnSpecsBase","schema_type":"Iced"},"name":"scaled_importance","type":"double","format":"%5f","description":"Scaled Importance"},{"__meta":{"schema_version":-1,"schema_name":"ColumnSpecsBase","schema_type":"Iced"},"name":"percentage","type":"double","format":"%5f","description":"Percentage"}],"rowcount":2,"data":[["Ta_pen","Heat_source_power"],[1429.5836181640625,734.7476806640625],[1.0,0.5139592195437015],[0.6605197729839739,0.3394802270160261]]},"init_f":0.0},"compatible_frames":null}
