{"__meta":{"schema_version":3,"schema_name":"DRFModelV3","schema_type":"DRFModel"},"model_id":{"__meta":{"schema_version":3,"schema_name":"ModelKeyV3","schema_type":"Key<Model>"},"name":"Grid_DRF_all.dataset_model_R_1523879974827_17_model_0","type":"Key<Model>","URL":"/3/Models/Grid_DRF_all.dataset_model_R_1523879974827_17_model_0"},"algo":"drf","algo_full_name":"Distributed Random Forest","response_column_name":"Tg_brooder","data_frame":{"__meta":{"schema_version":3,"schema_name":"FrameKeyV3","schema_type":"Key<Frame>"},"name":"all.dataset","type":"Key<Frame>","URL":"/3/Frames/all.dataset"},"timestamp":0,"have_pojo":true,"have_mojo":true,"algo":"drf","algo_full_name":"Distributed Random Forest","model_id":{"__meta":{"schema_version":3,"schema_name":"ModelKeyV3","schema_type":"Key<Model>"},"name":"Grid_DRF_all.dataset_model_R_1523879974827_17_model_0","type":"Key<Model>","URL":"/3/Models/Grid_DRF_all.dataset_model_R_1523879974827_17_model_0"},"parameters":[{"__meta":{"schema_version":3,"schema_name":"ModelParameterSchemaV3","schema_type":"Iced"},"name":"model_id","label":"model_id","help":"Destination id for this model; auto-generated if not specified.","required":false,"type":"Key<Model>","default_value":null,"actual_value":{"__meta":{"schema_version":3,"schema_name":"ModelKeyV3","schema_type":"Key<Model>"},"name":"Grid_DRF_all.dataset_model_R_1523879974827_17_model_0","type":"Key<Model>","URL":"/3/Models/Grid_DRF_all.dataset_model_R_1523879974827_17_model_0"},"level":"critical","values":[],"is_member_of_frames":[],"is_mutually_exclusive_with":[],"gridable":false},{"__meta":{"schema_version":3,"schema_name":"ModelParameterSchemaV3","schema_type":"Iced"},"name":"training_frame","label":"training_frame","help":"Id of the training data frame.","required":false,"type":"Key<Frame>","default_value":null,"actual_value":{"__meta":{"schema_version":3,"schema_name":"FrameKeyV3","schema_type":"Key<Frame>"},"name":"all.dataset","type":"Key<Frame>","URL":"/3/Frames/all.dataset"},"level":"critical","values":[],"is_member_of_frames":[],"is_mutually_exclusive_with":[],"gridable":false},{"__meta":{"schema_version":3,"schema_name":"ModelParameterSchemaV3","schema_type":"Iced"},"name":"validation_frame","label":"validation_frame","help":"Id of the validation data frame.","required":false,"type":"Key<Frame>","default_value":null,"actual_value":null,"level":"critical","values":[],"is_member_of_frames":[],"is_mutually_exclusive_with":[],"gridable":true},{"__meta":{"schema_version":3,"schema_name":"ModelParameterSchemaV3","schema_type":"Iced"},"name":"nfolds","label":"nfolds","help":"Number of folds for K-fold cross-validation (0 to disable or >= 2).","required":false,"type":"int","default_value":0,"actual_value":5,"level":"critical","values":[],"is_member_of_frames":[],"is_mutually_exclusive_with":[],"gridable":false},{"__meta":{"schema_version":3,"schema_name":"ModelParameterSchemaV3","schema_type":"Iced"},"name":"keep_cross_validation_predictions","label":"keep_cross_validation_predictions","help":"Whether to keep the predictions of the cross-validation models.","required":false,"type":"boolean","default_value":false,"actual_value":true,"level":"expert","values":[],"is_member_of_frames":[],"is_mutually_exclusive_with":[],"gridable":false},{"__meta":{"schema_version":3,"schema_name":"ModelParameterSchemaV3","schema_type":"Iced"},"name":"keep_cross_validation_fold_assignment","label":"keep_cross_validation_fold_assignment","help":"Whether to keep the cross-validation fold assignment.","required":false,"type":"boolean","default_value":false,"actual_value":false,"level":"expert","values":[],"is_member_of_frames":[],"is_mutually_exclusive_with":[],"gridable":false},{"__meta":{"schema_version":3,"schema_name":"ModelParameterSchemaV3","schema_type":"Iced"},"name":"score_each_iteration","label":"score_each_iteration","help":"Whether to score during each iteration of model training.","required":false,"type":"boolean","default_value":false,"actual_value":false,"level":"secondary","values":[],"is_member_of_frames":[],"is_mutually_exclusive_with":[],"gridable":false},{"__meta":{"schema_version":3,"schema_name":"ModelParameterSchemaV3","schema_type":"Iced"},"name":"score_tree_interval","label":"score_tree_interval","help":"Score the model after every so many trees. Disabled if set to 0.","required":false,"type":"int","default_value":0,"actual_value":0,"level":"secondary","values":[],"is_member_of_frames":[],"is_mutually_exclusive_with":[],"gridable":false},{"__meta":{"schema_version":3,"schema_name":"ModelParameterSchemaV3","schema_type":"Iced"},"name":"fold_assignment","label":"fold_assignment","help":"Cross-validation fold assignment scheme, if fold_column is not specified. The 'Stratified' option will stratify the folds based on the response variable, for classification problems.","required":false,"type":"enum","default_value":"AUTO","actual_value":"Modulo","level":"secondary","values":["AUTO","Random","Modulo","Stratified"],"is_member_of_frames":[],"is_mutually_exclusive_with":[],"gridable":true},{"__meta":{"schema_version":3,"schema_name":"ModelParameterSchemaV3","schema_type":"Iced"},"name":"fold_column","label":"fold_column","help":"Column with cross-validation fold index assignment per observation.","required":false,"type":"VecSpecifier","default_value":null,"actual_value":null,"level":"secondary","values":[],"is_member_of_frames":["training_frame"],"is_mutually_exclusive_with":["response_column","weights_column","ignored_columns","offset_column"],"gridable":true},{"__meta":{"schema_version":3,"schema_name":"ModelParameterSchemaV3","schema_type":"Iced"},"name":"response_column","label":"response_column","help":"Response variable column.","required":false,"type":"VecSpecifier","default_value":null,"actual_value":{"__meta":{"schema_version":3,"schema_name":"ColSpecifierV3","schema_type":"VecSpecifier"},"column_name":"Tg_brooder","is_member_of_frames":null},"level":"critical","values":[],"is_member_of_frames":["training_frame","validation_frame"],"is_mutually_exclusive_with":["weights_column","ignored_columns","offset_column","fold_column"],"gridable":true},{"__meta":{"schema_version":3,"schema_name":"ModelParameterSchemaV3","schema_type":"Iced"},"name":"ignored_columns","label":"ignored_columns","help":"Names of columns to ignore for training.","required":false,"type":"string[]","default_value":null,"actual_value":["Day","Time_in_degress","Hour","Brooder","Sequence","Piglet","Tr","Ts","RH_brooder","Ta_pen","Th_IR","Irradiance"],"level":"critical","values":[],"is_member_of_frames":["training_frame","validation_frame"],"is_mutually_exclusive_with":["response_column","weights_column","offset_column","fold_column"],"gridable":false},{"__meta":{"schema_version":3,"schema_name":"ModelParameterSchemaV3","schema_type":"Iced"},"name":"ignore_const_cols","label":"ignore_const_cols","help":"Ignore constant columns.","required":false,"type":"boolean","default_value":true,"actual_value":true,"level":"critical","values":[],"is_member_of_frames":[],"is_mutually_exclusive_with":[],"gridable":false},{"__meta":{"schema_version":3,"schema_name":"ModelParameterSchemaV3","schema_type":"Iced"},"name":"offset_column","label":"offset_column","help":"Offset column. This will be added to the combination of columns before applying the link function.","required":false,"type":"VecSpecifier","default_value":null,"actual_value":null,"level":"secondary","values":[],"is_member_of_frames":["training_frame","validation_frame"],"is_mutually_exclusive_with":["response_column","weights_column","ignored_columns","fold_column"],"gridable":true},{"__meta":{"schema_version":3,"schema_name":"ModelParameterSchemaV3","schema_type":"Iced"},"name":"weights_column","label":"weights_column","help":"Column with observation weights. Giving some observation a weight of zero is equivalent to excluding it from the dataset; giving an observation a relative weight of 2 is equivalent to repeating that row twice. Negative weights are not allowed. Note: Weights are per-row observation weights and do not increase the size of the data frame. This is typically the number of times a row is repeated, but non-integer values are supported as well. During training, rows with higher weights matter more, due to the larger loss function pre-factor.","required":false,"type":"VecSpecifier","default_value":null,"actual_value":null,"level":"secondary","values":[],"is_member_of_frames":["training_frame","validation_frame"],"is_mutually_exclusive_with":["response_column","ignored_columns","offset_column","fold_column"],"gridable":true},{"__meta":{"schema_version":3,"schema_name":"ModelParameterSchemaV3","schema_type":"Iced"},"name":"balance_classes","label":"balance_classes","help":"Balance training data class counts via over/under-sampling (for imbalanced data).","required":false,"type":"boolean","default_value":false,"actual_value":false,"level":"secondary","values":[],"is_member_of_frames":[],"is_mutually_exclusive_with":[],"gridable":true},{"__meta":{"schema_version":3,"schema_name":"ModelParameterSchemaV3","schema_type":"Iced"},"name":"class_sampling_factors","label":"class_sampling_factors","help":"Desired over/under-sampling ratios per class (in lexicographic order). If not specified, sampling factors will be automatically computed to obtain class balance during training. Requires balance_classes.","required":false,"type":"float[]","default_value":null,"actual_value":null,"level":"expert","values":[],"is_member_of_frames":[],"is_mutually_exclusive_with":[],"gridable":true},{"__meta":{"schema_version":3,"schema_name":"ModelParameterSchemaV3","schema_type":"Iced"},"name":"max_after_balance_size","label":"max_after_balance_size","help":"Maximum relative size of the training data after balancing class counts (can be less than 1.0). Requires balance_classes.","required":false,"type":"float","default_value":5.0,"actual_value":5.0,"level":"expert","values":[],"is_member_of_frames":[],"is_mutually_exclusive_with":[],"gridable":true},{"__meta":{"schema_version":3,"schema_name":"ModelParameterSchemaV3","schema_type":"Iced"},"name":"max_confusion_matrix_size","label":"max_confusion_matrix_size","help":"[Deprecated] Maximum size (# classes) for confusion matrices to be printed in the Logs","required":false,"type":"int","default_value":20,"actual_value":20,"level":"secondary","values":[],"is_member_of_frames":[],"is_mutually_exclusive_with":[],"gridable":false},{"__meta":{"schema_version":3,"schema_name":"ModelParameterSchemaV3","schema_type":"Iced"},"name":"max_hit_ratio_k","label":"max_hit_ratio_k","help":"Max. number (top K) of predictions to use for hit ratio computation (for multi-class only, 0 to disable)","required":false,"type":"int","default_value":0,"actual_value":0,"level":"secondary","values":[],"is_member_of_frames":[],"is_mutually_exclusive_with":[],"gridable":false},{"__meta":{"schema_version":3,"schema_name":"ModelParameterSchemaV3","schema_type":"Iced"},"name":"ntrees","label":"ntrees","help":"Number of trees.","required":false,"type":"int","default_value":50,"actual_value":144,"level":"critical","values":[],"is_member_of_frames":[],"is_mutually_exclusive_with":[],"gridable":true},{"__meta":{"schema_version":3,"schema_name":"ModelParameterSchemaV3","schema_type":"Iced"},"name":"max_depth","label":"max_depth","help":"Maximum tree depth.","required":false,"type":"int","default_value":20,"actual_value":7,"level":"critical","values":[],"is_member_of_frames":[],"is_mutually_exclusive_with":[],"gridable":true},{"__meta":{"schema_version":3,"schema_name":"ModelParameterSchemaV3","schema_type":"Iced"},"name":"min_rows","label":"min_rows","help":"Fewest allowed (weighted) observations in a leaf.","required":false,"type":"double","default_value":1.0,"actual_value":1.0,"level":"critical","values":[],"is_member_of_frames":[],"is_mutually_exclusive_with":[],"gridable":true},{"__meta":{"schema_version":3,"schema_name":"ModelParameterSchemaV3","schema_type":"Iced"},"name":"nbins","label":"nbins","help":"For numerical columns (real/int), build a histogram of (at least) this many bins, then split at the best point","required":false,"type":"int","default_value":20,"actual_value":20,"level":"critical","values":[],"is_member_of_frames":[],"is_mutually_exclusive_with":[],"gridable":true},{"__meta":{"schema_version":3,"schema_name":"ModelParameterSchemaV3","schema_type":"Iced"},"name":"nbins_top_level","label":"nbins_top_level","help":"For numerical columns (real/int), build a histogram of (at most) this many bins at the root level, then decrease by factor of two per level","required":false,"type":"int","default_value":1024,"actual_value":1024,"level":"secondary","values":[],"is_member_of_frames":[],"is_mutually_exclusive_with":[],"gridable":true},{"__meta":{"schema_version":3,"schema_name":"ModelParameterSchemaV3","schema_type":"Iced"},"name":"nbins_cats","label":"nbins_cats","help":"For categorical columns (factors), build a histogram of this many bins, then split at the best point. Higher values can lead to more overfitting.","required":false,"type":"int","default_value":1024,"actual_value":1024,"level":"secondary","values":[],"is_member_of_frames":[],"is_mutually_exclusive_with":[],"gridable":true},{"__meta":{"schema_version":3,"schema_name":"ModelParameterSchemaV3","schema_type":"Iced"},"name":"r2_stopping","label":"r2_stopping","help":"r2_stopping is no longer supported and will be ignored if set - please use stopping_rounds, stopping_metric and stopping_tolerance instead. Previous version of H2O would stop making trees when the R^2 metric equals or exceeds this","required":false,"type":"double","default_value":1.7976931348623157E308,"actual_value":1.7976931348623157E308,"level":"secondary","values":[],"is_member_of_frames":[],"is_mutually_exclusive_with":[],"gridable":true},{"__meta":{"schema_version":3,"schema_name":"ModelParameterSchemaV3","schema_type":"Iced"},"name":"stopping_rounds","label":"stopping_rounds","help":"Early stopping based on convergence of stopping_metric. Stop if simple moving average of length k of the stopping_metric does not improve for k:=stopping_rounds scoring events (0 to disable)","required":false,"type":"int","default_value":0,"actual_value":0,"level":"secondary","values":[],"is_member_of_frames":[],"is_mutually_exclusive_with":[],"gridable":true},{"__meta":{"schema_version":3,"schema_name":"ModelParameterSchemaV3","schema_type":"Iced"},"name":"stopping_metric","label":"stopping_metric","help":"Metric to use for early stopping (AUTO: logloss for classification, deviance for regression)","required":false,"type":"enum","default_value":"AUTO","actual_value":"AUTO","level":"secondary","values":["AUTO","deviance","logloss","MSE","RMSE","MAE","RMSLE","AUC","lift_top_group","misclassification","mean_per_class_error"],"is_member_of_frames":[],"is_mutually_exclusive_with":[],"gridable":true},{"__meta":{"schema_version":3,"schema_name":"ModelParameterSchemaV3","schema_type":"Iced"},"name":"stopping_tolerance","label":"stopping_tolerance","help":"Relative tolerance for metric-based stopping criterion (stop if relative improvement is not at least this much)","required":false,"type":"double","default_value":0.001,"actual_value":0.001,"level":"secondary","values":[],"is_member_of_frames":[],"is_mutually_exclusive_with":[],"gridable":true},{"__meta":{"schema_version":3,"schema_name":"ModelParameterSchemaV3","schema_type":"Iced"},"name":"max_runtime_secs","label":"max_runtime_secs","help":"Maximum allowed runtime in seconds for model training. Use 0 to disable.","required":false,"type":"double","default_value":0.0,"actual_value":0.0,"level":"secondary","values":[],"is_member_of_frames":[],"is_mutually_exclusive_with":[],"gridable":true},{"__meta":{"schema_version":3,"schema_name":"ModelParameterSchemaV3","schema_type":"Iced"},"name":"seed","label":"seed","help":"Seed for pseudo random number generator (if applicable)","required":false,"type":"long","default_value":-1,"actual_value":669,"level":"critical","values":[],"is_member_of_frames":[],"is_mutually_exclusive_with":[],"gridable":true},{"__meta":{"schema_version":3,"schema_name":"ModelParameterSchemaV3","schema_type":"Iced"},"name":"build_tree_one_node","label":"build_tree_one_node","help":"Run on one node only; no network overhead but fewer cpus used.  Suitable for small datasets.","required":false,"type":"boolean","default_value":false,"actual_value":false,"level":"expert","values":[],"is_member_of_frames":[],"is_mutually_exclusive_with":[],"gridable":false},{"__meta":{"schema_version":3,"schema_name":"ModelParameterSchemaV3","schema_type":"Iced"},"name":"mtries","label":"mtries","help":"Number of variables randomly sampled as candidates at each split. If set to -1, defaults to sqrt{p} for classification and p/3 for regression (where p is the # of predictors","required":false,"type":"int","default_value":-1,"actual_value":2,"level":"critical","values":[],"is_member_of_frames":[],"is_mutually_exclusive_with":[],"gridable":true},{"__meta":{"schema_version":3,"schema_name":"ModelParameterSchemaV3","schema_type":"Iced"},"name":"sample_rate","label":"sample_rate","help":"Row sample rate per tree (from 0.0 to 1.0)","required":false,"type":"double","default_value":0.6320000290870667,"actual_value":0.6320000290870667,"level":"critical","values":[],"is_member_of_frames":[],"is_mutually_exclusive_with":[],"gridable":true},{"__meta":{"schema_version":3,"schema_name":"ModelParameterSchemaV3","schema_type":"Iced"},"name":"sample_rate_per_class","label":"sample_rate_per_class","help":"A list of row sample rates per class (relative fraction for each class, from 0.0 to 1.0), for each tree","required":false,"type":"double[]","default_value":null,"actual_value":null,"level":"expert","values":[],"is_member_of_frames":[],"is_mutually_exclusive_with":[],"gridable":true},{"__meta":{"schema_version":3,"schema_name":"ModelParameterSchemaV3","schema_type":"Iced"},"name":"binomial_double_trees","label":"binomial_double_trees","help":"For binary classification: Build 2x as many trees (one per class) - can lead to higher accuracy.","required":false,"type":"boolean","default_value":false,"actual_value":false,"level":"expert","values":[],"is_member_of_frames":[],"is_mutually_exclusive_with":[],"gridable":false},{"__meta":{"schema_version":3,"schema_name":"ModelParameterSchemaV3","schema_type":"Iced"},"name":"checkpoint","label":"checkpoint","help":"Model checkpoint to resume training with.","required":false,"type":"Key<Model>","default_value":null,"actual_value":null,"level":"secondary","values":[],"is_member_of_frames":[],"is_mutually_exclusive_with":[],"gridable":false},{"__meta":{"schema_version":3,"schema_name":"ModelParameterSchemaV3","schema_type":"Iced"},"name":"col_sample_rate_change_per_level","label":"col_sample_rate_change_per_level","help":"Relative change of the column sampling rate for every level (from 0.0 to 2.0)","required":false,"type":"double","default_value":1.0,"actual_value":1.0,"level":"expert","values":[],"is_member_of_frames":[],"is_mutually_exclusive_with":[],"gridable":true},{"__meta":{"schema_version":3,"schema_name":"ModelParameterSchemaV3","schema_type":"Iced"},"name":"col_sample_rate_per_tree","label":"col_sample_rate_per_tree","help":"Column sample rate per tree (from 0.0 to 1.0)","required":false,"type":"double","default_value":1.0,"actual_value":1.0,"level":"secondary","values":[],"is_member_of_frames":[],"is_mutually_exclusive_with":[],"gridable":true},{"__meta":{"schema_version":3,"schema_name":"ModelParameterSchemaV3","schema_type":"Iced"},"name":"min_split_improvement","label":"min_split_improvement","help":"Minimum relative improvement in squared error reduction for a split to happen","required":false,"type":"double","default_value":1.0E-5,"actual_value":1.0E-5,"level":"secondary","values":[],"is_member_of_frames":[],"is_mutually_exclusive_with":[],"gridable":true},{"__meta":{"schema_version":3,"schema_name":"ModelParameterSchemaV3","schema_type":"Iced"},"name":"histogram_type","label":"histogram_type","help":"What type of histogram to use for finding optimal split points","required":false,"type":"enum","default_value":"AUTO","actual_value":"AUTO","level":"secondary","values":["AUTO","UniformAdaptive","Random","QuantilesGlobal","RoundRobin"],"is_member_of_frames":[],"is_mutually_exclusive_with":[],"gridable":true},{"__meta":{"schema_version":3,"schema_name":"ModelParameterSchemaV3","schema_type":"Iced"},"name":"categorical_encoding","label":"categorical_encoding","help":"Encoding scheme for categorical features","required":false,"type":"enum","default_value":"AUTO","actual_value":"AUTO","level":"secondary","values":["AUTO","Enum","OneHotInternal","OneHotExplicit","Binary","Eigen","LabelEncoder","SortByResponse","EnumLimited"],"is_member_of_frames":[],"is_mutually_exclusive_with":[],"gridable":true},{"__meta":{"schema_version":3,"schema_name":"ModelParameterSchemaV3","schema_type":"Iced"},"name":"calibrate_model","label":"calibrate_model","help":"Use Platt Scaling to calculate calibrated class probabilities. Calibration can provide more accurate estimates of class probabilities.","required":false,"type":"boolean","default_value":false,"actual_value":false,"level":"expert","values":[],"is_member_of_frames":[],"is_mutually_exclusive_with":[],"gridable":false},{"__meta":{"schema_version":3,"schema_name":"ModelParameterSchemaV3","schema_type":"Iced"},"name":"calibration_frame","label":"calibration_frame","help":"Calibration frame for Platt Scaling","required":false,"type":"Key<Frame>","default_value":null,"actual_value":null,"level":"expert","values":[],"is_member_of_frames":[],"is_mutually_exclusive_with":[],"gridable":false},{"__meta":{"schema_version":3,"schema_name":"ModelParameterSchemaV3","schema_type":"Iced"},"name":"distribution","label":"distribution","help":"Distribution function","required":false,"type":"enum","default_value":"AUTO","actual_value":"gaussian","level":"secondary","values":["AUTO","bernoulli","multinomial","gaussian","poisson","gamma","tweedie","laplace","quantile","huber"],"is_member_of_frames":[],"is_mutually_exclusive_with":[],"gridable":true},{"__meta":{"schema_version":3,"schema_name":"ModelParameterSchemaV3","schema_type":"Iced"},"name":"custom_metric_func","label":"custom_metric_func","help":"Reference to custom evaluation function, format: `language:keyName=funcName`","required":false,"type":"string","default_value":null,"actual_value":null,"level":"secondary","values":[],"is_member_of_frames":[],"is_mutually_exclusive_with":[],"gridable":false}],"output":{"__meta":{"schema_version":3,"schema_name":"DRFModelOutputV3","schema_type":"DRFOutput"},"names":["Heat_source_power","Ta_brooder","Tg_brooder"],"domains":[null,null,null],"cross_validation_models":[{"__meta":{"schema_version":3,"schema_name":"ModelKeyV3","schema_type":"Key<Model>"},"name":"Grid_DRF_all.dataset_model_R_1523879974827_17_model_0_cv_1","type":"Key<Model>","URL":"/3/Models/Grid_DRF_all.dataset_model_R_1523879974827_17_model_0_cv_1"},{"__meta":{"schema_version":3,"schema_name":"ModelKeyV3","schema_type":"Key<Model>"},"name":"Grid_DRF_all.dataset_model_R_1523879974827_17_model_0_cv_2","type":"Key<Model>","URL":"/3/Models/Grid_DRF_all.dataset_model_R_1523879974827_17_model_0_cv_2"},{"__meta":{"schema_version":3,"schema_name":"ModelKeyV3","schema_type":"Key<Model>"},"name":"Grid_DRF_all.dataset_model_R_1523879974827_17_model_0_cv_3","type":"Key<Model>","URL":"/3/Models/Grid_DRF_all.dataset_model_R_1523879974827_17_model_0_cv_3"},{"__meta":{"schema_version":3,"schema_name":"ModelKeyV3","schema_type":"Key<Model>"},"name":"Grid_DRF_all.dataset_model_R_1523879974827_17_model_0_cv_4","type":"Key<Model>","URL":"/3/Models/Grid_DRF_all.dataset_model_R_1523879974827_17_model_0_cv_4"},{"__meta":{"schema_version":3,"schema_name":"ModelKeyV3","schema_type":"Key<Model>"},"name":"Grid_DRF_all.dataset_model_R_1523879974827_17_model_0_cv_5","type":"Key<Model>","URL":"/3/Models/Grid_DRF_all.dataset_model_R_1523879974827_17_model_0_cv_5"}],"cross_validation_predictions":[{"__meta":{"schema_version":3,"schema_name":"FrameKeyV3","schema_type":"Key<Frame>"},"name":"prediction_Grid_DRF_all.dataset_model_R_1523879974827_17_model_0_cv_1","type":"Key<Frame>","URL":"/3/Frames/prediction_Grid_DRF_all.dataset_model_R_1523879974827_17_model_0_cv_1"},{"__meta":{"schema_version":3,"schema_name":"FrameKeyV3","schema_type":"Key<Frame>"},"name":"prediction_Grid_DRF_all.dataset_model_R_1523879974827_17_model_0_cv_2","type":"Key<Frame>","URL":"/3/Frames/prediction_Grid_DRF_all.dataset_model_R_1523879974827_17_model_0_cv_2"},{"__meta":{"schema_version":3,"schema_name":"FrameKeyV3","schema_type":"Key<Frame>"},"name":"prediction_Grid_DRF_all.dataset_model_R_1523879974827_17_model_0_cv_3","type":"Key<Frame>","URL":"/3/Frames/prediction_Grid_DRF_all.dataset_model_R_1523879974827_17_model_0_cv_3"},{"__meta":{"schema_version":3,"schema_name":"FrameKeyV3","schema_type":"Key<Frame>"},"name":"prediction_Grid_DRF_all.dataset_model_R_1523879974827_17_model_0_cv_4","type":"Key<Frame>","URL":"/3/Frames/prediction_Grid_DRF_all.dataset_model_R_1523879974827_17_model_0_cv_4"},{"__meta":{"schema_version":3,"schema_name":"FrameKeyV3","schema_type":"Key<Frame>"},"name":"prediction_Grid_DRF_all.dataset_model_R_1523879974827_17_model_0_cv_5","type":"Key<Frame>","URL":"/3/Frames/prediction_Grid_DRF_all.dataset_model_R_1523879974827_17_model_0_cv_5"}],"cross_validation_holdout_predictions_frame_id":{"__meta":{"schema_version":3,"schema_name":"FrameKeyV3","schema_type":"Key<Frame>"},"name":"cv_holdout_prediction_Grid_DRF_all.dataset_model_R_1523879974827_17_model_0","type":"Key<Frame>","URL":"/3/Frames/cv_holdout_prediction_Grid_DRF_all.dataset_model_R_1523879974827_17_model_0"},"cross_validation_fold_assignment_frame_id":null,"model_category":"Regression","model_summary":{"__meta":{"schema_version":3,"schema_name":"TwoDimTableV3","schema_type":"TwoDimTable"},"name":"Model Summary","description":"","columns":[{"__meta":{"schema_version":-1,"schema_name":"ColumnSpecsBase","schema_type":"Iced"},"name":"","type":"string","format":"%s","description":""},{"__meta":{"schema_version":-1,"schema_name":"ColumnSpecsBase","schema_type":"Iced"},"name":"number_of_trees","type":"long","format":"%d","description":"Number of Trees"},{"__meta":{"schema_version":-1,"schema_name":"ColumnSpecsBase","schema_type":"Iced"},"name":"number_of_internal_trees","type":"long","format":"%d","description":"Number of Internal Trees"},{"__meta":{"schema_version":-1,"schema_name":"ColumnSpecsBase","schema_type":"Iced"},"name":"model_size_in_bytes","type":"long","format":"%d","description":"Model Size in Bytes"},{"__meta":{"schema_version":-1,"schema_name":"ColumnSpecsBase","schema_type":"Iced"},"name":"min_depth","type":"long","format":"%d","description":"Min. Depth"},{"__meta":{"schema_version":-1,"schema_name":"ColumnSpecsBase","schema_type":"Iced"},"name":"max_depth","type":"long","format":"%d","description":"Max. Depth"},{"__meta":{"schema_version":-1,"schema_name":"ColumnSpecsBase","schema_type":"Iced"},"name":"mean_depth","type":"double","format":"%.5f","description":"Mean Depth"},{"__meta":{"schema_version":-1,"schema_name":"ColumnSpecsBase","schema_type":"Iced"},"name":"min_leaves","type":"long","format":"%d","description":"Min. Leaves"},{"__meta":{"schema_version":-1,"schema_name":"ColumnSpecsBase","schema_type":"Iced"},"name":"max_leaves","type":"long","format":"%d","description":"Max. Leaves"},{"__meta":{"schema_version":-1,"schema_name":"ColumnSpecsBase","schema_type":"Iced"},"name":"mean_leaves","type":"double","format":"%.5f","description":"Mean Leaves"}],"rowcount":1,"data":[[""],[144],[144],[129621],[7],[7],[7.0],[53],[78],[66.68056]]},"scoring_history":{"__meta":{"schema_version":3,"schema_name":"TwoDimTableV3","schema_type":"TwoDimTable"},"name":"Scoring History","description":"","columns":[{"__meta":{"schema_version":-1,"schema_name":"ColumnSpecsBase","schema_type":"Iced"},"name":"","type":"string","format":"%s","description":""},{"__meta":{"schema_version":-1,"schema_name":"ColumnSpecsBase","schema_type":"Iced"},"name":"timestamp","type":"string","format":"%s","description":"Timestamp"},{"__meta":{"schema_version":-1,"schema_name":"ColumnSpecsBase","schema_type":"Iced"},"name":"duration","type":"string","format":"%s","description":"Duration"},{"__meta":{"schema_version":-1,"schema_name":"ColumnSpecsBase","schema_type":"Iced"},"name":"number_of_trees","type":"long","format":"%d","description":"Number of Trees"},{"__meta":{"schema_version":-1,"schema_name":"ColumnSpecsBase","schema_type":"Iced"},"name":"training_rmse","type":"double","format":"%.5f","description":"Training RMSE"},{"__meta":{"schema_version":-1,"schema_name":"ColumnSpecsBase","schema_type":"Iced"},"name":"training_mae","type":"double","format":"%.5f","description":"Training MAE"},{"__meta":{"schema_version":-1,"schema_name":"ColumnSpecsBase","schema_type":"Iced"},"name":"training_deviance","type":"double","format":"%.5f","description":"Training Deviance"}],"rowcount":145,"data":[["","","","","","","","","","","","","","","","","","","","","","","","","","","","","","","","","","","","","","","","","","","","","","","","","","","","","","","","","","","","","","","","","","","","","","","","","","","","","","","","","","","","","","","","","","","","","","","","","","","","","","","","","","","","","","","","","","","","","","","","","","","","","","","","","","","","","","","","","","","","","","","","",""],["2018-04-16 09:03:36","2018-04-16 09:03:36","2018-04-16 09:03:36","2018-04-16 09:03:36","2018-04-16 09:03:36","2018-04-16 09:03:36","2018-04-16 09:03:36","2018-04-16 09:03:36","2018-04-16 09:03:36","2018-04-16 09:03:36","2018-04-16 09:03:36","2018-04-16 09:03:36","2018-04-16 09:03:36","2018-04-16 09:03:36","2018-04-16 09:03:36","2018-04-16 09:03:36","2018-04-16 09:03:36","2018-04-16 09:03:36","2018-04-16 09:03:36","2018-04-16 09:03:36","2018-04-16 09:03:36","2018-04-16 09:03:36","2018-04-16 09:03:36","2018-04-16 09:03:36","2018-04-16 09:03:36","2018-04-16 09:03:36","2018-04-16 09:03:36","2018-04-16 09:03:36","2018-04-16 09:03:36","2018-04-16 09:03:36","2018-04-16 09:03:36","2018-04-16 09:03:36","2018-04-16 09:03:36","2018-04-16 09:03:36","2018-04-16 09:03:36","2018-04-16 09:03:36","2018-04-16 09:03:36","2018-04-16 09:03:36","2018-04-16 09:03:36","2018-04-16 09:03:36","2018-04-16 09:03:36","2018-04-16 09:03:36","2018-04-16 09:03:36","2018-04-16 09:03:36","2018-04-16 09:03:36","2018-04-16 09:03:36","2018-04-16 09:03:36","2018-04-16 09:03:36","2018-04-16 09:03:36","2018-04-16 09:03:36","2018-04-16 09:03:36","2018-04-16 09:03:36","2018-04-16 09:03:36","2018-04-16 09:03:36","2018-04-16 09:03:36","2018-04-16 09:03:36","2018-04-16 09:03:36","2018-04-16 09:03:36","2018-04-16 09:03:36","2018-04-16 09:03:36","2018-04-16 09:03:36","2018-04-16 09:03:36","2018-04-16 09:03:36","2018-04-16 09:03:36","2018-04-16 09:03:36","2018-04-16 09:03:36","2018-04-16 09:03:36","2018-04-16 09:03:36","2018-04-16 09:03:36","2018-04-16 09:03:36","2018-04-16 09:03:36","2018-04-16 09:03:36","2018-04-16 09:03:36","2018-04-16 09:03:36","2018-04-16 09:03:36","2018-04-16 09:03:36","2018-04-16 09:03:36","2018-04-16 09:03:36","2018-04-16 09:03:36","2018-04-16 09:03:36","2018-04-16 09:03:36","2018-04-16 09:03:36","2018-04-16 09:03:36","2018-04-16 09:03:36","2018-04-16 09:03:36","2018-04-16 09:03:36","2018-04-16 09:03:36","2018-04-16 09:03:36","2018-04-16 09:03:36","2018-04-16 09:03:36","2018-04-16 09:03:36","2018-04-16 09:03:36","2018-04-16 09:03:36","2018-04-16 09:03:36","2018-04-16 09:03:36","2018-04-16 09:03:36","2018-04-16 09:03:36","2018-04-16 09:03:36","2018-04-16 09:03:36","2018-04-16 09:03:36","2018-04-16 09:03:36","2018-04-16 09:03:36","2018-04-16 09:03:36","2018-04-16 09:03:36","2018-04-16 09:03:36","2018-04-16 09:03:36","2018-04-16 09:03:36","2018-04-16 09:03:36","2018-04-16 09:03:36","2018-04-16 09:03:36","2018-04-16 09:03:36","2018-04-16 09:03:36","2018-04-16 09:03:36","2018-04-16 09:03:36","2018-04-16 09:03:36","2018-04-16 09:03:36","2018-04-16 09:03:36","2018-04-16 09:03:36","2018-04-16 09:03:36","2018-04-16 09:03:36","2018-04-16 09:03:36","2018-04-16 09:03:36","2018-04-16 09:03:36","2018-04-16 09:03:36","2018-04-16 09:03:36","2018-04-16 09:03:36","2018-04-16 09:03:36","2018-04-16 09:03:36","2018-04-16 09:03:36","2018-04-16 09:03:36","2018-04-16 09:03:36","2018-04-16 09:03:36","2018-04-16 09:03:36","2018-04-16 09:03:36","2018-04-16 09:03:36","2018-04-16 09:03:36","2018-04-16 09:03:36","2018-04-16 09:03:36","2018-04-16 09:03:36","2018-04-16 09:03:36","2018-04-16 09:03:36","2018-04-16 09:03:36","2018-04-16 09:03:36","2018-04-16 09:03:36","2018-04-16 09:03:36"],[" 0.799 sec"," 0.801 sec"," 0.802 sec"," 0.803 sec"," 0.804 sec"," 0.805 sec"," 0.807 sec"," 0.808 sec"," 0.809 sec"," 0.810 sec"," 0.811 sec"," 0.813 sec"," 0.814 sec"," 0.815 sec"," 0.816 sec"," 0.818 sec"," 0.819 sec"," 0.821 sec"," 0.824 sec"," 0.825 sec"," 0.827 sec"," 0.828 sec"," 0.829 sec"," 0.831 sec"," 0.832 sec"," 0.833 sec"," 0.835 sec"," 0.836 sec"," 0.838 sec"," 0.840 sec"," 0.842 sec"," 0.844 sec"," 0.846 sec"," 0.847 sec"," 0.849 sec"," 0.850 sec"," 0.852 sec"," 0.853 sec"," 0.855 sec"," 0.859 sec"," 0.861 sec"," 0.863 sec"," 0.864 sec"," 0.866 sec"," 0.867 sec"," 0.869 sec"," 0.871 sec"," 0.872 sec"," 0.874 sec"," 0.876 sec"," 0.877 sec"," 0.879 sec"," 0.881 sec"," 0.882 sec"," 0.884 sec"," 0.886 sec"," 0.888 sec"," 0.890 sec"," 0.892 sec"," 0.894 sec"," 0.895 sec"," 0.897 sec"," 0.899 sec"," 0.901 sec"," 0.903 sec"," 0.906 sec"," 0.909 sec"," 0.911 sec"," 0.913 sec"," 0.915 sec"," 0.917 sec"," 0.919 sec"," 0.921 sec"," 0.923 sec"," 0.925 sec"," 0.927 sec"," 0.929 sec"," 0.931 sec"," 0.933 sec"," 0.935 sec"," 0.939 sec"," 0.942 sec"," 0.944 sec"," 0.946 sec"," 0.949 sec"," 0.951 sec"," 0.953 sec"," 0.956 sec"," 0.958 sec"," 0.961 sec"," 0.963 sec"," 0.965 sec"," 0.967 sec"," 0.970 sec"," 0.972 sec"," 0.975 sec"," 0.978 sec"," 0.980 sec"," 0.983 sec"," 0.985 sec"," 0.989 sec"," 0.992 sec"," 0.995 sec"," 0.997 sec"," 0.999 sec"," 1.002 sec"," 1.005 sec"," 1.007 sec"," 1.010 sec"," 1.012 sec"," 1.015 sec"," 1.017 sec"," 1.019 sec"," 1.024 sec"," 1.026 sec"," 1.029 sec"," 1.032 sec"," 1.035 sec"," 1.038 sec"," 1.041 sec"," 1.043 sec"," 1.045 sec"," 1.048 sec"," 1.051 sec"," 1.054 sec"," 1.057 sec"," 1.060 sec"," 1.062 sec"," 1.065 sec"," 1.068 sec"," 1.072 sec"," 1.076 sec"," 1.079 sec"," 1.082 sec"," 1.086 sec"," 1.089 sec"," 1.092 sec"," 1.095 sec"," 1.097 sec"," 1.100 sec"," 1.103 sec"," 1.108 sec"," 1.111 sec"," 1.114 sec"," 1.117 sec"],[0,1,2,3,4,5,6,7,8,9,10,11,12,13,14,15,16,17,18,19,20,21,22,23,24,25,26,27,28,29,30,31,32,33,34,35,36,37,38,39,40,41,42,43,44,45,46,47,48,49,50,51,52,53,54,55,56,57,58,59,60,61,62,63,64,65,66,67,68,69,70,71,72,73,74,75,76,77,78,79,80,81,82,83,84,85,86,87,88,89,90,91,92,93,94,95,96,97,98,99,100,101,102,103,104,105,106,107,108,109,110,111,112,113,114,115,116,117,118,119,120,121,122,123,124,125,126,127,128,129,130,131,132,133,134,135,136,137,138,139,140,141,142,143,144],["NaN",0.4624929042736313,0.46472498794523676,0.4549374654101947,0.42484833579741943,0.43632737717588,0.42993874408630367,0.4883918026564608,0.471587168961396,0.4630826395663313,0.4608768194327107,0.4652437041723473,0.45813046165041876,0.4512646025083175,0.4408132904184101,0.4353731454704376,0.4277062519990478,0.42675426043989123,0.42655812448999814,0.4352841874921193,0.42625077472802514,0.4276434174008991,0.4269727143784127,0.4204894667410536,0.4152235350442063,0.4135753722778546,0.4318518495829487,0.428666570805984,0.4276220368775445,0.4258174181730559,0.4242024322111202,0.43462335973416105,0.43473152216004385,0.43120011156210497,0.43000931379102936,0.44470715050483695,0.441683034112738,0.4394794807410562,0.4354458978918401,0.43567069190305974,0.44624780943673326,0.4466161284678559,0.44218977639653917,0.4388377359534392,0.4385147427279818,0.44530991168744155,0.4521372243660084,0.46114984750002547,0.4560662831941093,0.45511710988808957,0.45122089507273744,0.44808130273452973,0.44846911050686866,0.4464064466753721,0.4443988510306209,0.44247259625806096,0.440214069544797,0.43784563609647503,0.44393650060471135,0.44254577098435155,0.44490899271540396,0.44296593420697944,0.44265356924526505,0.4474671952747494,0.4470230615027531,0.4465620269668534,0.44388602354092516,0.44263671970565643,0.4428083081193372,0.44410730600215953,0.4472651784176927,0.44463442628501665,0.44442110862680106,0.44353424954946913,0.4442913371113189,0.4427195533468276,0.44311666927192633,0.44019473469529713,0.43959857981591094,0.43925178601332626,0.4379593186371378,0.43928538282504853,0.44097349722021006,0.44046644954460884,0.44008764530717226,0.4394810368704891,0.4426001140999785,0.4404513353872744,0.4388370868943017,0.4383340380616913,0.43771461693517205,0.43705254876520405,0.43536483899327927,0.4395518493904355,0.438972263283558,0.4385676720984405,0.4393873585949837,0.4388127853839118,0.43772250694312487,0.43740846427766045,0.44014081061890936,0.4399484874645296,0.4402330621257952,0.43933276271967525,0.442649472008552,0.4406999665708895,0.4404517870150378,0.4423198088855853,0.44200181975059794,0.4418157170540946,0.44031833560411215,0.4403436598652066,0.44025043157259575,0.4387710658941194,0.4415667721292199,0.44196777198190274,0.4412032629771692,0.4409822341748565,0.43999411911779934,0.4425391793509199,0.4407356038585138,0.4424911635979952,0.44158086344236563,0.44068581738755075,0.44211469527203884,0.44209702526537686,0.4439859212136592,0.443167858344418,0.44430641157243245,0.44268548036248095,0.44175035231879906,0.4411712371247707,0.4429527101081811,0.44552360386777995,0.44547651958561674,0.44387074218128736,0.4436376557808024,0.4440053837413305,0.44312938629604737,0.44241898650118544,0.4445720689324871,0.4447547256894006,0.4444864662727383,0.4453298971545006,0.4451156260753344],["NaN",0.30496908003284084,0.3178310787554869,0.3140800221761068,0.2939593444967493,0.31014592331838403,0.3003411536608941,0.3319624239043871,0.32866134951813036,0.3190275132605712,0.3189178714311345,0.3237056916998337,0.32082481099125554,0.3160522636605083,0.312045192155243,0.30716281635992715,0.2998216643141892,0.29785409999888235,0.2993739260479549,0.3136412463502926,0.3085354901259409,0.30871277488794746,0.3080233682053631,0.3047779155964742,0.3017633904939036,0.30022428471523604,0.30813504511492046,0.3070104852121914,0.3051128113133435,0.30504713098207803,0.3047353463691863,0.30737869451576444,0.30747386056123044,0.30582759708655494,0.3054324274598499,0.3113087064970497,0.3092406592784864,0.30900462441690163,0.30623371126965043,0.3064988144559925,0.3098294517785631,0.3099092208634233,0.30736136578942286,0.3080275644516685,0.30760494916839354,0.3091851397449701,0.3099913868530702,0.31300101413333414,0.3106503641735277,0.3095993144875653,0.30936583271979357,0.30806369145129847,0.30811525633758224,0.3074769237065292,0.30999598192501027,0.3094054435538718,0.30837816612387403,0.3078677043758454,0.3096380279123824,0.3098595927734728,0.3146113532202966,0.31298003049462825,0.31262106212605645,0.31432651486976365,0.31355326572035114,0.31245627894622974,0.31125072210349713,0.3106129377045384,0.3106444667149556,0.3124156649127411,0.31184182389632087,0.3105741961900199,0.3109895948015366,0.3105190912720465,0.3119363304306771,0.3121149549171301,0.31185408969755074,0.3108066457721552,0.31027689208150394,0.31032481022034863,0.31007424910295855,0.31223845999491234,0.3135632028686535,0.31324109372510023,0.3130443814217919,0.3123510356376608,0.31192046432099835,0.31112434878545886,0.310034074537438,0.3099838263937279,0.3096206341696826,0.3092721197478673,0.3087512721911279,0.30973826904097174,0.30907491136854903,0.3088469256152482,0.3100526377832756,0.3094246087854789,0.3085596262147924,0.30818725607721664,0.30851499409888095,0.30793822877766003,0.3081398899515795,0.3077342948623143,0.30804102890529234,0.30756804897049317,0.3073423974427813,0.30842532122660443,0.3085619069412583,0.30876297367089955,0.3082100903502789,0.3090728053137466,0.3093728403033206,0.3092970139831862,0.3097533614090298,0.3101402924941393,0.3094270288966115,0.3089702032710094,0.30862910083565165,0.3090878471053562,0.3083426101029841,0.3088890139981005,0.3086990500164471,0.308812664403001,0.3096678162689542,0.30937868972253957,0.30911896623257495,0.30889214485269584,0.30945812635186415,0.3085648944445592,0.3083560485570776,0.3081962924821964,0.30895265646768894,0.3094938932359694,0.3092961462757569,0.30873454759948626,0.309270956881747,0.31014717428485367,0.309925687735428,0.31008890408376566,0.31049991424764295,0.3109593274980113,0.3107943963485189,0.31164562559176656,0.31170665114092905],["NaN",0.2138996865034583,0.21596931442070047,0.20696809743385208,0.18049610842983688,0.19038158007318262,0.18484732366650813,0.23852655290202737,0.22239445792902426,0.21444553106772068,0.21240744269041142,0.21645170427200658,0.20988351989202583,0.2036397414769898,0.19431635700950556,0.1895497757968228,0.182932637999073,0.1821191988035985,0.18195183356842473,0.18947232388067445,0.18168972295624164,0.18287889244631964,0.18230569882366962,0.17681139164017562,0.1724105840546072,0.17104458855476606,0.18649601998821375,0.1837550289265617,0.18286060642330004,0.18132047361956716,0.17994770349383005,0.18889746482661,0.18899149635958867,0.18593353621117178,0.18490800994703196,0.19776444971013168,0.1950839026230341,0.1931422139924284,0.1896131299908308,0.18980895178329082,0.199137107427083,0.1994659662076164,0.1955317983496213,0.19257855849674044,0.1922951795897881,0.19830091744707698,0.2044280696573982,0.21265918184929672,0.20799645466648953,0.20713158371288737,0.2036002961502423,0.20077685386027327,0.20112454307882197,0.19927871563333185,0.19749033879733596,0.19578199843934901,0.1937884270251914,0.19170880104872684,0.1970796165691569,0.19584675941613414,0.1979440117990354,0.19621881886786205,0.19594218236557268,0.20022689084705067,0.19982961751529418,0.19941764392874467,0.19703480189497477,0.19592726563178386,0.19607919773950988,0.19723129924449578,0.20004613982501046,0.1976997730378059,0.1975101217930749,0.19672263052341077,0.1973947922321636,0.19600060291561455,0.19635238258664575,0.19377140445346303,0.19324691137616584,0.19294213151589698,0.191808364781106,0.19297164756374946,0.19445762525062263,0.19401069317443345,0.19367713555201144,0.1931435817687602,0.19589486100131398,0.19399737884443324,0.19257798883387686,0.19213672892346823,0.19159408587870438,0.19101493038216105,0.18954254303164397,0.1932058283025521,0.19269664793228936,0.19234160300984524,0.19306125089307677,0.19255666061638702,0.191600993084574,0.19132616462174137,0.19372393317227066,0.19355467162232734,0.19380514898865425,0.19301327639890248,0.19593855506944985,0.19421646053558314,0.1939977766847402,0.19564681333258072,0.19536560866284008,0.1952011278360238,0.19388023666917553,0.1939025387834848,0.19382044249985683,0.1925200482658617,0.19498121424861842,0.19533551147064715,0.19466031926170113,0.19446533085784798,0.1935948248582482,0.19584092526058566,0.19424787250852882,0.19579842986230772,0.19499365895850518,0.1942039896465337,0.19546540377548777,0.19544977974849526,0.1971234982359416,0.19639775066957818,0.19740818736437174,0.1959704345237605,0.19514337377378307,0.19463206046620063,0.1962071033921823,0.1984912816033345,0.19844932950211439,0.19702123576456687,0.19681436962668572,0.19714078079128614,0.19636365299911157,0.1957345596167361,0.19764432447491204,0.19780676602305397,0.19756821869962612,0.19831871729963807,0.1981279205764369]]},"training_metrics":{"__meta":{"schema_version":3,"schema_name":"ModelMetricsRegressionV3","schema_type":"ModelMetricsRegression"},"model":{"__meta":{"schema_version":3,"schema_name":"ModelKeyV3","schema_type":"Key<Model>"},"name":"Grid_DRF_all.dataset_model_R_1523879974827_17_model_0","type":"Key<Model>","URL":"/3/Models/Grid_DRF_all.dataset_model_R_1523879974827_17_model_0"},"model_checksum":-2189404041841176055,"frame":{"__meta":{"schema_version":3,"schema_name":"FrameKeyV3","schema_type":"Key<Frame>"},"name":"all.dataset","type":"Key<Frame>","URL":"/3/Frames/all.dataset"},"frame_checksum":5670609170868312293,"description":"Metrics reported on Out-Of-Bag training samples","model_category":"Regression","scoring_time":1523883816662,"predictions":null,"MSE":0.1981279205764369,"RMSE":0.4451156260753344,"nobs":173,"custom_metric_name":null,"custom_metric_value":0.0,"r2":0.9833913751430841,"mean_residual_deviance":0.1981279205764369,"mae":0.31170665114092905,"rmsle":0.016530667784227453},"validation_metrics":null,"cross_validation_metrics":{"__meta":{"schema_version":3,"schema_name":"ModelMetricsRegressionV3","schema_type":"ModelMetricsRegression"},"model":{"__meta":{"schema_version":3,"schema_name":"ModelKeyV3","schema_type":"Key<Model>"},"name":"Grid_DRF_all.dataset_model_R_1523879974827_17_model_0","type":"Key<Model>","URL":"/3/Models/Grid_DRF_all.dataset_model_R_1523879974827_17_model_0"},"model_checksum":-2189404041841176055,"frame":{"__meta":{"schema_version":3,"schema_name":"FrameKeyV3","schema_type":"Key<Frame>"},"name":"all.dataset","type":"Key<Frame>","URL":"/3/Frames/all.dataset"},"frame_checksum":5670609170868312293,"description":"5-fold cross-validation on training data (Metrics computed for combined holdout predictions)","model_category":"Regression","scoring_time":1523883816665,"predictions":null,"MSE":0.1720209585562875,"RMSE":0.41475409408020014,"nobs":173,"custom_metric_name":null,"custom_metric_value":0.0,"r2":0.9855798639592244,"mean_residual_deviance":0.1720209585562875,"mae":0.2919378227045235,"rmsle":0.015501868983451681},"cross_validation_metrics_summary":{"__meta":{"schema_version":3,"schema_name":"TwoDimTableV3","schema_type":"TwoDimTable"},"name":"Cross-Validation Metrics Summary","description":"","columns":[{"__meta":{"schema_version":-1,"schema_name":"ColumnSpecsBase","schema_type":"Iced"},"name":"","type":"string","format":"%s","description":""},{"__meta":{"schema_version":-1,"schema_name":"ColumnSpecsBase","schema_type":"Iced"},"name":"mean","type":"string","format":"%s","description":"mean"},{"__meta":{"schema_version":-1,"schema_name":"ColumnSpecsBase","schema_type":"Iced"},"name":"sd","type":"string","format":"%s","description":"sd"},{"__meta":{"schema_version":-1,"schema_name":"ColumnSpecsBase","schema_type":"Iced"},"name":"cv_1_valid","type":"string","format":"%s","description":"cv_1_valid"},{"__meta":{"schema_version":-1,"schema_name":"ColumnSpecsBase","schema_type":"Iced"},"name":"cv_2_valid","type":"string","format":"%s","description":"cv_2_valid"},{"__meta":{"schema_version":-1,"schema_name":"ColumnSpecsBase","schema_type":"Iced"},"name":"cv_3_valid","type":"string","format":"%s","description":"cv_3_valid"},{"__meta":{"schema_version":-1,"schema_name":"ColumnSpecsBase","schema_type":"Iced"},"name":"cv_4_valid","type":"string","format":"%s","description":"cv_4_valid"},{"__meta":{"schema_version":-1,"schema_name":"ColumnSpecsBase","schema_type":"Iced"},"name":"cv_5_valid","type":"string","format":"%s","description":"cv_5_valid"}],"rowcount":7,"data":[["mae","mean_residual_deviance","mse","r2","residual_deviance","rmse","rmsle"],["0.29223695","0.17242801","0.17242801","0.9853247","0.17242801","0.41373435","0.015461866"],["0.020204691","0.02113409","0.02113409","0.0011065486","0.02113409","0.025019161","9.0510893E-4"],["0.25989518","0.14526255","0.14526255","0.98640126","0.14526255","0.38113326","0.013959021"],["0.29624718","0.15659523","0.15659523","0.9875239","0.15659523","0.39572117","0.015176276"],["0.26882026","0.14500503","0.14500503","0.9852361","0.14500503","0.38079527","0.015092508"],["0.34191173","0.21873508","0.21873508","0.9829689","0.21873508","0.46769124","0.017842235"],["0.29431036","0.19654219","0.19654219","0.9844931","0.19654219","0.4433308","0.01523929"]]},"status":null,"start_time":1523883816343,"end_time":1523883816664,"run_time":321,"help":{"validation_metrics":"Validation data model metrics", "cross_validation_metrics_summary":"Cross-validation model metrics summary", "run_time":"Runtime in milliseconds", "status":"Job status", "domains":"Domains for categorical columns", "model_category":"Category of the model (e.g., Binomial)", "__meta":"Metadata on this schema instance, to make it self-describing.", "variable_importances":"Variable Importances", "model_summary":"Model summary", "scoring_history":"Scoring history", "help":"Help information for output fields", "end_time":"End time in milliseconds", "names":"Column names", "cross_validation_fold_assignment_frame_id":"Cross-validation fold assignment (each row is assigned to one holdout fold)", "start_time":"Start time in milliseconds", "training_metrics":"Training data model metrics", "cross_validation_models":"Cross-validation models (model ids)", "cross_validation_metrics":"Cross-validation model metrics", "cross_validation_predictions":"Cross-validation predictions, one per cv model (deprecated, use cross_validation_holdout_predictions_frame_id instead)", "init_f":"The Intercept term, the initial model function value to which trees make adjustments", "cross_validation_holdout_predictions_frame_id":"Cross-validation holdout predictions (full out-of-sample predictions on training data)"},"variable_importances":{"__meta":{"schema_version":3,"schema_name":"TwoDimTableV3","schema_type":"TwoDimTable"},"name":"Variable Importances","description":"","columns":[{"__meta":{"schema_version":-1,"schema_name":"ColumnSpecsBase","schema_type":"Iced"},"name":"variable","type":"string","format":"%s","description":"Variable"},{"__meta":{"schema_version":-1,"schema_name":"ColumnSpecsBase","schema_type":"Iced"},"name":"relative_importance","type":"double","format":"%5f","description":"Relative Importance"},{"__meta":{"schema_version":-1,"schema_name":"ColumnSpecsBase","schema_type":"Iced"},"name":"scaled_importance","type":"double","format":"%5f","description":"Scaled Importance"},{"__meta":{"schema_version":-1,"schema_name":"ColumnSpecsBase","schema_type":"Iced"},"name":"percentage","type":"double","format":"%5f","description":"Percentage"}],"rowcount":2,"data":[["Ta_brooder","Heat_source_power"],[257610.734375,5613.74609375],[1.0,0.021791584529153026],[0.9786731610838284,0.021326838916171643]]},"init_f":0.0},"compatible_frames":null}
